Time,Systemic1.abdominal_aorta_C114_module.v,Systemic1.abdominal_aorta_C114_module.u
0,0,0
0.01,-1.97942e-07,7.4864907
0.02,1.6615653e-06,122.89534
0.03,1.247041e-05,568.77924
0.04,3.843076e-05,1441.5648
0.05,8.099249e-05,2699.2024
0.06,0.00013818857,4278.3916
0.07,0.00020740055,6155.998
0.08,0.00028669846,8339.463
0.09,0.00037465023,10835.799
0.1,0.0004696085,13631.469
0.11,0.00056921464,16687.338
0.12,0.0006703166,19942.303
0.13,0.0007691865,23319.74
0.14,0.0008618549,26733.822
0.15,0.0009444305,30094.775
0.16,0.0010133516,33313.156
0.17,0.0010655667,36303.516
0.18,0.0010986651,38987.746
0.19,0.0011109747,41298.27
0.2,0.0011016381,43181.098
0.21,0.0010706682,44598.67
0.22,0.0010189804,45532.363
0.23,0.00094839616,45984.332
0.24,0.0008616081,45978.508
0.25,0.0007621681,45564.023
0.26,0.0006546111,44821.387
0.27,0.0005442355,43850.668
0.28,0.00043636965,42749.7
0.29,0.00033557764,41599.348
0.3,0.0002451728,40459.746
0.31,0.00016712732,39373.87
0.32,0.000102262755,38373.203
0.33,5.0545383e-05,37481.883
0.34,1.1357094e-05,36718.36
0.35,-1.6308391e-05,36095.1
0.36,-3.3715987e-05,35617.69
0.37,-4.2297408e-05,35284.176
0.38,-4.357307e-05,35085.22
0.39,-3.9077804e-05,35005.01
0.4,-3.0291281e-05,35022.785
0.41,-1.8577945e-05,35114.652
0.42,-5.140475e-06,35255.496
0.43,9.011724e-06,35420.79
0.44,2.3079338e-05,35588.125
0.45,3.647633e-05,35738.367
0.46,4.8820864e-05,35856.434
0.47,5.9915496e-05,35931.598
0.48,6.971866e-05,35957.48
0.49,7.831019e-05,35931.688
0.5,8.585383e-05,35855.266
0.51,9.256012e-05,35732.03
0.52,9.865249e-05,35567.83
0.53,0.000104338804,35369.832
0.54,0.000109789755,35145.89
0.55,0.000115124756,34903.918
0.56,0.000120405115,34651.45
0.57,0.00012563377,34395.24
0.58,0.00013076045,34140.992
0.59,0.0001356911,33893.207
0.6,0.00014029974,33655.082
0.61,0.00014444222,33428.54
0.62,0.00014796964,33214.313
0.63,0.00015074134,33012.082
0.64,0.00015263616,32820.668
0.65,0.00015356146,32638.25
0.66,0.00015345968,32462.588
0.67,0.00015231212,32291.234
0.68,0.00015014013,32121.758
0.69,0.00014700372,31951.896
0.7,0.00014299802,31779.709
0.71,0.00013824791,31603.666
0.72,0.00013290143,31422.709
0.73,0.00012712223,31236.271
0.74,0.00012108177,31044.262
0.75,0.00011495159,30847.016
0.76,0.000108896194,30645.236
0.77,0.00010306669,30439.9
0.78,9.759567e-05,30232.182
0.79,9.2593276e-05,30023.352
0.8,8.81447e-05,29814.697
0.81,8.430899e-05,29607.441
0.82,8.111917e-05,29402.674
0.83,7.858348e-05,29201.314
0.84,7.668754e-05,29004.064
0.85,7.539731e-05,28811.398
0.86,7.466253e-05,28623.56
0.87,7.442049e-05,28440.572
0.88,7.459982e-05,28262.254
0.89,7.512425e-05,28088.256
0.9,7.591605e-05,27918.104
0.91,7.68991e-05,27751.217
0.92,7.8001474e-05,27586.975
0.93,7.915749e-05,27424.729
0.94,8.0309226e-05,27263.854
0.95,8.140745e-05,27103.773
0.96,8.241209e-05,26943.979
0.97,8.329224e-05,26784.047
0.98,8.402577e-05,26623.65
0.99,8.4598665e-05,26462.566
1,8.5004125e-05,26300.664
1.01,8.524152e-05,26137.908
1.02,8.531529e-05,25974.34
1.03,8.5233856e-05,25810.068
1.04,8.500855e-05,25645.256
1.05,8.465268e-05,25480.102
1.06,8.4180676e-05,25314.826
1.07,8.3607374e-05,25149.658
1.08,8.294752e-05,24984.822
1.09,8.2215265e-05,24820.527
1.1,8.1423976e-05,24656.963
1.11,8.058601e-05,24494.285
1.12,7.971265e-05,24332.627
1.13,7.881411e-05,24172.086
1.14,7.789959e-05,24012.729
1.15,7.697735e-05,23854.596
1.16,7.605479e-05,23697.7
1.17,7.5138596e-05,23542.035
1.18,7.423475e-05,23387.582
1.19,7.334866e-05,23234.307
1.2,7.248515e-05,23082.172
1.21,7.164852e-05,22931.137
1.22,7.084253e-05,22781.156
1.23,7.007036e-05,22632.197
1.24,6.9334616e-05,22484.223
1.25,6.8637266e-05,22337.207
1.26,6.7979636e-05,22191.13
1.27,6.736236e-05,22045.977
1.28,6.678537e-05,21901.74
1.29,6.624791e-05,21758.412
1.3,6.574855e-05,21615.994
1.31,6.528524e-05,21474.486
1.32,6.485535e-05,21333.89
1.33,6.445574e-05,21194.207
1.34,6.408289e-05,21055.438
1.35,6.373298e-05,20917.58
1.36,6.340199e-05,20780.627
1.37,6.3085834e-05,20644.572
1.38,6.278045e-05,20509.408
1.39,6.2481915e-05,20375.12
1.4,6.2186555e-05,20241.69
1.41,6.189098e-05,20109.105
1.42,6.1592225e-05,19977.352
1.43,6.128772e-05,19846.406
1.44,6.0975366e-05,19716.256
1.45,6.0653565e-05,19586.885
1.46,6.0321185e-05,19458.277
1.47,5.997756e-05,19330.426
1.48,5.962247e-05,19203.316
1.49,5.925609e-05,19076.943
1.5,5.8878944e-05,18951.305
1.51,5.8491856e-05,18826.395
1.52,5.8095895e-05,18702.217
1.53,5.7692312e-05,18578.77
1.54,5.728248e-05,18456.059
1.55,5.6867855e-05,18334.086
1.56,5.644991e-05,18212.86
1.57,5.603011e-05,18092.383
1.58,5.5609842e-05,17972.662
1.59,5.5190427e-05,17853.703
1.6,5.4773063e-05,17735.51
1.61,5.4358818e-05,17618.084
1.62,5.3948625e-05,17501.428
1.63,5.3543263e-05,17385.545
1.64,5.314337e-05,17270.434
1.65,5.274943e-05,17156.092
1.66,5.23618e-05,17042.518
1.67,5.1980704e-05,16929.709
1.68,5.1606246e-05,16817.662
1.69,5.1238436e-05,16706.367
1.7,5.087718e-05,16595.824
1.71,5.0522318e-05,16486.021
1.72,5.0173614e-05,16376.957
1.73,4.9830793e-05,16268.621
1.74,4.949353e-05,16161.009
1.75,4.9161474e-05,16054.112
1.76,4.8834256e-05,15947.926
1.77,4.8511498e-05,15842.441
1.78,4.8192815e-05,15737.654
1.79,4.7877827e-05,15633.559
1.8,4.7566176e-05,15530.148
1.81,4.72575e-05,15427.418
1.82,4.695148e-05,15325.363
1.83,4.66478e-05,15223.978
1.84,4.6346187e-05,15123.259
1.85,4.6046385e-05,15023.2
1.86,4.5748176e-05,14923.799
1.87,4.5451372e-05,14825.05
1.88,4.5155815e-05,14726.95
1.89,4.4861383e-05,14629.494
1.9,4.456798e-05,14532.681
1.91,4.427554e-05,14436.504
1.92,4.398404e-05,14340.96
1.93,4.369346e-05,14246.047
1.94,4.3403827e-05,14151.76
1.95,4.311517e-05,14058.096
1.96,4.282755e-05,13965.051
1.97,4.254104e-05,13872.621
1.98,4.225572e-05,13780.805
1.99,4.197169e-05,13689.598
2,4.168904e-05,13598.996
2.01,4.140788e-05,13508.996
2.02,4.1128307e-05,13419.597
2.03,4.0850424e-05,13330.792
2.04,4.057432e-05,13242.58
2.05,4.0300085e-05,13154.957
2.06,4.0027793e-05,13067.921
2.07,3.9757517e-05,12981.467
2.08,3.948931e-05,12895.592
2.09,3.9223218e-05,12810.292
2.1,3.8959275e-05,12725.565
2.11,3.86975e-05,12641.407
2.12,3.8437905e-05,12557.814
2.13,3.8180486e-05,12474.784
2.14,3.7925263e-05,12392.315
2.15,3.771958e-05,12313.58
2.16,3.83573e-05,12276.601
2.17,4.242648e-05,12370.704
2.18,5.31592e-05,12667.902
2.19,7.198528e-05,13162.493
2.2,9.740188e-05,13780.337
2.21,0.0001257723,14426.612
2.22,0.00015295066,15024.907
2.23,0.00017559694,15532.318
2.24,0.00019183375,15939.16
2.25,0.00020124896,16257.455
2.26,0.00020444315,16505.771
2.27,0.00020248129,16698.818
2.28,0.00019649151,16843.834
2.29,0.00018747417,16941.938
2.3,0.00017626671,16991.502
2.31,0.00016357786,16991.354
2.32,0.0001500282,16942.781
2.33,0.00013617164,16850.268
2.34,0.00012249868,16721.258
2.35,0.00010943119,16565.357
2.36,9.731635e-05,16393.271
2.37,8.642236e-05,16215.689
2.38,7.6935976e-05,16042.307
2.39,6.896151e-05,15881.062
2.4,6.252215e-05,15737.683
2.41,5.7564932e-05,15615.555
2.42,5.397059e-05,15515.849
2.43,5.156794e-05,15437.86
2.44,5.015167e-05,15379.453
2.45,4.9501275e-05,15337.528
2.46,4.9398965e-05,15308.453
2.47,4.9644663e-05,15288.423
2.48,5.006701e-05,15273.737
2.49,5.0529965e-05,15260.999
2.5,5.0935232e-05,15247.24
2.51,5.1221203e-05,15230.002
2.52,5.135919e-05,15207.371
2.53,5.134794e-05,15177.987
2.54,5.12072e-05,15141.033
2.55,5.097105e-05,15096.191
2.56,5.068156e-05,15043.603
2.57,5.0383147e-05,14983.786
2.58,5.0117822e-05,14917.569
2.59,4.9921513e-05,14845.998
2.6,4.982142e-05,14770.242
2.61,4.9834438e-05,14691.514
2.62,4.9966544e-05,14610.986
2.63,5.0213024e-05,14529.728
2.64,5.055945e-05,14448.649
2.65,5.0983243e-05,14368.473
2.66,5.145563e-05,14289.715
2.67,5.194388e-05,14212.683
2.68,5.24136e-05,14137.491
2.69,5.2830987e-05,14064.084
2.7,5.3164844e-05,13992.267
2.71,5.3388314e-05,13921.739
2.72,5.3480195e-05,13852.135
2.73,5.3425843e-05,13783.057
2.74,5.3217595e-05,13714.106
2.75,5.2854786e-05,13644.916
2.76,5.2343363e-05,13575.167
2.77,5.1695173e-05,13504.606
2.78,5.0927014e-05,13433.059
2.79,5.005947e-05,13360.427
2.8,4.9115697e-05,13286.688
2.81,4.812019e-05,13211.896
2.82,4.7097554e-05,13136.163
2.83,4.6071465e-05,13059.647
2.84,4.5063705e-05,12982.546
2.85,4.4093456e-05,12905.074
2.86,4.3176733e-05,12827.454
2.87,4.2326064e-05,12749.902
2.88,4.1550367e-05,12672.618
2.89,4.085497e-05,12595.774
2.9,4.0241845e-05,12519.513
2.91,3.9709917e-05,12443.94
2.92,3.9255512e-05,12369.128
2.93,3.887283e-05,12295.108
2.94,3.8554463e-05,12221.884
2.95,3.829192e-05,12149.426
2.96,3.8076116e-05,12077.686
2.97,3.789782e-05,12006.593
2.98,3.7748036e-05,11936.069
2.99,3.761832e-05,11866.028
3,3.750103e-05,11796.386
3.01,3.7389476e-05,11727.059
3.02,3.7278027e-05,11657.975
3.03,3.7162128e-05,11589.072
3.04,3.7038284e-05,11520.302
3.05,3.690399e-05,11451.629
3.06,3.6757636e-05,11383.03
3.07,3.6598365e-05,11314.5
3.08,3.642596e-05,11246.04
3.09,3.6240697e-05,11177.664
3.1,3.604322e-05,11109.394
3.11,3.5834422e-05,11041.257
3.12,3.5617748e-05,10973.492
3.13,3.562827e-05,10919.597
3.14,3.7564558e-05,10950.614
3.15,4.5003522e-05,11173.147
3.16,6.124553e-05,11643.798
3.17,8.694544e-05,12331.043
3.18,0.000119648605,13144.25
3.19,0.00015502387,13982.696
3.2,0.00018850355,14767.233
3.21,0.00021641952,15449.156
3.22,0.00023649757,16008.28
3.23,0.00024795014,16448.271
3.24,0.00025122133,16785.912
3.25,0.0002475082,17039.416
3.26,0.00023829042,17221.559
3.27,0.00022501044,17338.361
3.28,0.00020892698,17391.455
3.29,0.000191092,17381.58
3.3,0.00017238349,17311.47
3.31,0.00015354503,17187.342
3.32,0.00013521059,17019.006
3.33,0.00011791313,16819.012
3.34,0.000102083286,16601.287
3.35,8.804484e-05,16379.674
3.36,7.6011216e-05,16166.624
3.37,6.6084904e-05,15972.224
3.38,5.826137e-05,15803.625
3.39,5.2438183e-05,15664.882
3.4,4.8429865e-05,15557.145
3.41,4.5987847e-05,15479.103
3.42,4.4823875e-05,15427.568
3.43,4.4634464e-05,15398.1045
3.44,4.512385e-05,15385.606
3.45,4.6023113e-05,15384.785
3.46,4.710416e-05,15390.553
3.47,4.8187947e-05,15398.284
3.48,4.9147235e-05,15403.991
3.49,4.990467e-05,15404.423
3.5,5.0427334e-05,15397.102
3.51,5.0718983e-05,15380.323
3.52,5.081108e-05,15353.125
3.53,5.0753642e-05,15315.224
3.54,5.0606563e-05,15266.937
3.55,5.043195e-05,15209.077
3.56,5.02878e-05,15142.85
3.57,5.0223116e-05,15069.723
3.58,5.0274564e-05,14991.309
3.59,5.0464514e-05,14909.254
3.6,5.080043e-05,14825.127
3.61,5.12754e-05,14740.339
3.62,5.1869632e-05,14656.079
3.63,5.2552685e-05,14573.2705
3.64,5.3286218e-05,14492.554
3.65,5.4027038e-05,14414.293
3.66,5.4730208e-05,14338.589
3.67,5.535202e-05,14265.32
3.68,5.5852666e-05,14194.185
3.69,5.6198445e-05,14124.748
3.7,5.636344e-05,14056.494
3.71,5.63306e-05,13988.872
3.72,5.6092205e-05,13921.342
3.73,5.5649765e-05,13853.405
3.74,5.501343e-05,13784.643
3.75,5.4200926e-05,13714.723
3.76,5.3236225e-05,13643.422
3.77,5.2147974e-05,13570.623
3.78,5.096783e-05,13496.313
3.79,4.9728784e-05,13420.573
3.8,4.8463608e-05,13343.563
3.81,4.7203426e-05,13265.508
3.82,4.5976532e-05,13186.672
3.83,4.4807457e-05,13107.346
3.84,4.371631e-05,13027.824
3.85,4.2718417e-05,12948.393
3.86,4.182419e-05,12869.308
3.87,4.1039268e-05,12790.792
3.88,4.0364834e-05,12713.023
3.89,3.9798117e-05,12636.132
3.9,3.9333005e-05,12560.195
3.91,3.8960705e-05,12485.249
3.92,3.8670474e-05,12411.28
3.93,3.8450307e-05,12338.241
3.94,3.82876e-05,12266.057
3.95,3.816973e-05,12194.626
3.96,3.8084563e-05,12123.836
3.97,3.802086e-05,12053.568
3.98,3.796856e-05,11983.707
3.99,3.7919002e-05,11914.142
4,3.7865e-05,11844.775
4.01,3.7800877e-05,11775.527
4.02,3.77224e-05,11706.334
4.03,3.7626673e-05,11637.152
4.04,3.751198e-05,11567.956
4.05,3.7377624e-05,11498.738
4.06,3.722371e-05,11429.506
4.07,3.7050973e-05,11360.281
4.08,3.6860612e-05,11291.096
4.09,3.6654114e-05,11221.986
4.1,3.6433117e-05,11152.997
4.11,3.619932e-05,11084.172
4.12,3.59852e-05,11017.729
4.13,3.650598e-05,10989.402
4.14,4.0540173e-05,11100.283
4.15,5.2126663e-05,11450.984
4.16,7.3808966e-05,12062.997
4.17,0.00010487928,12872.408
4.18,0.00014176994,13775.25
4.19,0.00017966104,14673.015
4.2,0.00021401979,15494.634
4.21,0.00024147678,16199.038
4.22,0.0002601174,16771.145
4.23,0.00026947068,17217.1
4.24,0.0002702277,17554.375
4.25,0.00026377442,17801.084
4.26,0.0002517398,17969.834
4.27,0.00023568716,18066.844
4.28,0.00021697204,18094.47
4.29,0.00019672082,18054.729
4.3,0.00017586522,17952.059
4.31,0.00015518474,17794.625
4.32,0.00013533424,17594.201
4.33,0.000116854375,17365.094
4.34,0.000100170866,17122.596
4.35,8.5590254e-05,16881.418
4.36,7.329688e-05,16654.355
4.37,6.3354e-05,16451.363
4.38,5.5710392e-05,16279.084
4.39,5.0213097e-05,16140.799
4.4,4.6626086e-05,16036.741
4.41,4.4653785e-05,15964.645
4.42,4.3967324e-05,15920.405
4.43,4.4230877e-05,15898.764
4.44,4.5125445e-05,15893.916
4.45,4.636794e-05,15900.018
4.46,4.7724374e-05,15911.562
4.47,4.901677e-05,15923.644
4.48,5.0124323e-05,15932.115
4.49,5.09798e-05,15933.68
4.5,5.1562474e-05,15925.904
4.51,5.1888932e-05,15907.215
4.52,5.2002953e-05,15876.836
4.53,5.1965442e-05,15834.717
4.54,5.1845116e-05,15781.431
4.55,5.17105e-05,15718.056
4.56,5.1623447e-05,15646.052
4.57,5.1634324e-05,15567.118
4.58,5.177885e-05,15483.067
4.59,5.2076517e-05,15395.698
4.6,5.253036e-05,15306.691
4.61,5.3127984e-05,15217.522
4.62,5.3843552e-05,15129.399
4.63,5.4640466e-05,15043.229
4.64,5.5474593e-05,14959.602
4.65,5.629765e-05,14878.808
4.66,5.7060628e-05,14800.863
4.67,5.771696e-05,14725.552
4.68,5.8225298e-05,14652.476
4.69,5.8551745e-05,14581.112
4.7,5.8671456e-05,14510.869
4.71,5.8569603e-05,14441.133
4.72,5.8241636e-05,14371.317
4.73,5.769296e-05,14300.898
4.74,5.6938094e-05,14229.443
4.75,5.5999375e-05,14156.626
4.76,5.4905366e-05,14082.241
4.77,5.368907e-05,14006.2
4.78,5.2386105e-05,13928.525
4.79,5.1032886e-05,13849.339
4.8,4.9664955e-05,13768.845
4.81,4.8315484e-05,13687.308
4.82,4.7014095e-05,13605.031
4.83,4.578594e-05,13522.339
4.84,4.4651097e-05,13439.552
4.85,4.3624277e-05,13356.975
4.86,4.2714793e-05,13274.875
4.87,4.1926814e-05,13193.48
4.88,4.125978e-05,13112.966
4.89,4.0709016e-05,13033.452
4.9,4.026645e-05,12955.007
4.91,3.992136e-05,12877.6455
4.92,3.9661183e-05,12801.339
4.93,3.9472267e-05,12726.021
4.94,3.9340553e-05,12651.595
4.95,3.9252227e-05,12577.942
4.96,3.91942e-05,12504.937
4.97,3.915453e-05,12432.444
4.98,3.912269e-05,12360.338
4.99,3.908975e-05,12288.501
5,3.9048464e-05,12216.833
5.01,3.899322e-05,12145.249
5.02,3.8920007e-05,12073.689
5.03,3.88262e-05,12002.112
5.04,3.8710434e-05,11930.496
5.05,3.857237e-05,11858.841
5.06,3.8412487e-05,11787.16
5.07,3.8231898e-05,11715.481
5.08,3.8032125e-05,11643.843
5.09,3.781496e-05,11572.289
5.1,3.758231e-05,11500.867
5.11,3.73361e-05,11429.627
5.12,3.709916e-05,11360.148
5.13,3.748203e-05,11323.752
5.14,4.1125488e-05,11419.17
5.15,5.2131843e-05,11752.457
5.16,7.329945e-05,12352.966
5.17,0.00010417328,13160.9
5.18,0.00014129409,14071.643
5.19,0.00017979629,14983.534
5.2,0.00021501453,15822.146
5.21,0.00024342853,16543.818
5.22,0.00026298699,17131.477
5.23,0.0002731095,17589.965
5.24,0.00027442366,17936.53
5.25,0.00026830073,18189.834
5.26,0.00025639133,18363.287
5.27,0.00024029816,18463.73
5.28,0.00022141862,18493.805
5.29,0.00020091496,18455.502
5.3,0.0001797468,18353.086
5.31,0.00015871499,18194.543
5.32,0.00013849164,17991.563
5.33,0.00011963221,17758.512
5.34,0.00010257577,17510.885
5.35,8.7640765e-05,17263.697
5.36,7.502188e-05,17030.107
5.37,6.4790736e-05,16820.445
5.38,5.690219e-05,16641.69
5.39,5.120682e-05,16497.398
5.4,4.7469486e-05,16388.004
5.41,4.5392895e-05,16311.349
5.42,4.4644155e-05,16263.365
5.43,4.4881574e-05,16238.763
5.44,4.5779063e-05,16231.655
5.45,4.7045916e-05,16236.092
5.46,4.844064e-05,16246.4375
5.47,4.97784e-05,16257.659
5.48,5.0932587e-05,16265.486
5.49,5.1831455e-05,16266.508
5.5,5.2451112e-05,16258.196
5.51,5.2806306e-05,16238.895
5.52,5.2940137e-05,16207.763
5.53,5.2913794e-05,16164.705
5.54,5.279702e-05,16110.266
5.55,5.2659867e-05,16045.512
5.56,5.2566e-05,15971.901
5.57,5.2567673e-05,15891.152
5.58,5.2702424e-05,15805.102
5.59,5.2991338e-05,15715.581
5.6,5.3438765e-05,15624.31
5.61,5.4033255e-05,15532.801
5.62,5.4749526e-05,15442.302
5.63,5.5551158e-05,15353.755
5.64,5.6393823e-05,15267.781
5.65,5.722875e-05,15184.696
5.66,5.8006168e-05,15104.53
5.67,5.8678586e-05,15027.078
5.68,5.9203623e-05,14951.947
5.69,5.9546313e-05,14878.612
5.7,5.9680802e-05,14806.474
5.71,5.9591333e-05,14734.907
5.72,5.9272592e-05,14663.314
5.73,5.8729413e-05,14591.156
5.74,5.7975933e-05,14517.985
5.75,5.7034336e-05,14443.463
5.76,5.593324e-05,14367.371
5.77,5.47059e-05,14289.612
5.78,5.3388332e-05,14210.201
5.79,5.201749e-05,14129.256
5.8,5.0629522e-05,14046.977
5.81,4.925828e-05,13963.629
5.82,4.7934085e-05,13879.52
5.83,4.668277e-05,13794.976
5.84,4.552504e-05,13710.323
5.85,4.447617e-05,13625.873
5.86,4.354595e-05,13541.899
5.87,4.2738913e-05,13458.637
5.88,4.205477e-05,13376.266
5.89,4.1489013e-05,13294.912
5.9,4.1033625e-05,13214.648
5.91,4.0677867e-05,13135.493
5.92,4.0409064e-05,13057.421
5.93,4.0213392e-05,12980.363
5.94,4.0076593e-05,12904.227
5.95,3.99846e-05,12828.89
5.96,3.9924056e-05,12754.225
5.97,3.988276e-05,12680.097
5.98,3.9849925e-05,12606.375
5.99,3.9816397e-05,12532.94
6,3.97747e-05,12459.689
6.01,3.971906e-05,12386.535
6.02,3.9645303e-05,12313.413
6.03,3.9550694e-05,12240.282
6.04,3.9433777e-05,12167.118
6.05,3.9294166e-05,12093.918
6.06,3.9132326e-05,12020.697
6.07,3.894935e-05,11947.481
6.08,3.8746784e-05,11874.309
6.09,3.852644e-05,11801.225
6.1,3.829026e-05,11728.276
6.11,3.804021e-05,11655.515
6.12,3.7792186e-05,11584.049
6.13,3.806286e-05,11541.054
6.14,4.133537e-05,11621.747
6.15,5.1721323e-05,11936.008
6.16,7.222977e-05,12520.48
6.17,0.00010265419,13320.077
6.18,0.00013967481,14230.587
6.19,0.00017842665,15148.165
6.2,0.00021415585,15995.688
6.21,0.00024322559,16727.348
6.22,0.00026347424,17324.49
6.23,0.00027423116,17790.945
6.24,0.00027606645,18143.73
6.25,0.00027032927,18401.852
6.26,0.00025867426,18579.234
6.27,0.00024272231,18683.125
6.28,0.00022389255,18716.318
6.29,0.00020336673,18680.73
6.3,0.00018212,18580.414
6.31,0.00016096541,18423.117
6.32,0.00014058535,18220.365
6.33,0.000121544675,17986.453
6.34,0.00010429157,17736.924
6.35,8.915343e-05,17486.94
6.36,7.6333505e-05,17249.879
6.37,6.591132e-05,17036.32
6.38,5.784857e-05,16853.5
6.39,5.200123e-05,16705.205
6.4,4.813779e-05,16592.053
6.41,4.5962686e-05,16512.018
6.42,4.514284e-05,16461.11
6.43,4.5334644e-05,16434.066
6.44,4.6208763e-05,16424.996
6.45,4.747033e-05,16427.904
6.46,4.8873233e-05,16437.102
6.47,5.022806e-05,16447.484
6.48,5.140397e-05,16454.713
6.49,5.2325613e-05,16455.3
6.5,5.2966254e-05,16446.656
6.51,5.3338634e-05,16427.06
6.52,5.3484637e-05,16395.62
6.53,5.346496e-05,16352.191
6.54,5.334948e-05,16297.288
6.55,5.3208845e-05,16231.951
6.56,5.310765e-05,16157.626
6.57,5.3099306e-05,16076.025
6.58,5.3222586e-05,15988.991
6.59,5.34998e-05,15898.367
6.6,5.393641e-05,15805.891
6.61,5.4521915e-05,15713.098
6.62,5.5231758e-05,15621.259
6.63,5.6030003e-05,15531.342
6.64,5.6872548e-05,15443.99
6.65,5.7710597e-05,15359.539
6.66,5.8494134e-05,15278.037
6.67,5.9175225e-05,15199.29
6.68,5.9710896e-05,15122.914
6.69,6.0065504e-05,15048.387
6.7,6.0212453e-05,14975.109
6.71,6.013526e-05,14902.456
6.72,5.982791e-05,14829.82
6.73,5.9294634e-05,14756.656
6.74,5.8549067e-05,14682.509
6.75,5.761302e-05,14607.029
6.76,5.6514866e-05,14529.99
6.77,5.5287765e-05,14451.286
6.78,5.3967768e-05,14370.925
6.79,5.2591968e-05,14289.02
6.8,5.119677e-05,14205.766
6.81,4.9816357e-05,14121.426
6.82,4.8481423e-05,14036.308
6.83,4.721822e-05,13950.737
6.84,4.6047873e-05,13865.045
6.85,4.4986064e-05,13779.541
6.86,4.404296e-05,13694.507
6.87,4.3223434e-05,13610.179
6.88,4.2527474e-05,13526.742
6.89,4.1950796e-05,13444.327
6.9,4.1485546e-05,13363.009
6.91,4.112107e-05,13282.811
6.92,4.0844745e-05,13203.707
6.93,4.0642735e-05,13125.635
6.94,4.0500716e-05,13048.498
6.95,4.040453e-05,12972.179
6.96,4.0340718e-05,12896.548
6.97,4.0296927e-05,12821.469
6.98,4.026224e-05,12746.812
6.99,4.022735e-05,12672.455
7,4.018466e-05,12598.292
7.01,4.0128256e-05,12524.237
7.02,4.0053856e-05,12450.223
7.03,3.9958635e-05,12376.205
7.04,3.9841063e-05,12302.16
7.05,3.970069e-05,12228.084
7.06,3.9537947e-05,12153.988
7.07,3.9353894e-05,12079.901
7.08,3.915007e-05,12005.86
7.09,3.892828e-05,11931.908
7.1,3.869048e-05,11858.094
7.11,3.843864e-05,11784.468
7.12,3.8184884e-05,11711.874
7.13,3.8381495e-05,11664.541
7.14,4.1385352e-05,11734.53
7.15,5.1291165e-05,12033.893
7.16,7.124876e-05,12604.572
7.17,0.00010123856,13395.323
7.18,0.0001380599,14302.694
7.19,0.0001768668,15221.55
7.2,0.00021285504,16072.959
7.21,0.00024231162,16809.623
7.22,0.0002630001,17411.81
7.23,0.0002741876,17882.676
7.24,0.0002764028,18239.07
7.25,0.00027097538,18500.186
7.26,0.0002595572,18680.252
7.27,0.00024377544,18786.744
7.28,0.00022505865,18822.525
7.29,0.00020459744,18789.436
7.3,0.00018337426,18691.354
7.31,0.00016220812,18535.836
7.32,0.00014178662,18334.242
7.33,0.00012267979,18100.773
7.34,0.00010534121,17850.955
7.35,9.010392e-05,17600.002
7.36,7.7176985e-05,17361.404
7.37,6.6645705e-05,17145.893
7.38,5.8477188e-05,16960.86
7.39,5.2532097e-05,16810.25
7.4,4.8582653e-05,16694.818
7.41,4.6335794e-05,16612.646
7.42,4.5459645e-05,16559.82
7.43,4.5610574e-05,16531.117
7.44,4.645813e-05,16520.666
7.45,4.7705526e-05,16522.467
7.46,4.9104223e-05,16530.81
7.47,5.046213e-05,16540.564
7.48,5.1645788e-05,16547.354
7.49,5.2577423e-05,16547.65
7.5,5.3228287e-05,16538.822
7.51,5.360953e-05,16519.111
7.52,5.3761938e-05,16487.588
7.53,5.374558e-05,16444.08
7.54,5.363011e-05,16389.064
7.55,5.3486292e-05,16323.565
7.56,5.3379146e-05,16249.011
7.57,5.3362695e-05,16167.103
7.58,5.3476455e-05,16079.68
7.59,5.3743526e-05,15988.589
7.6,5.4170156e-05,15895.572
7.61,5.4746553e-05,15802.178
7.62,5.544878e-05,15709.69
7.63,5.624138e-05,15619.089
7.64,5.7080564e-05,15531.035
7.65,5.7917685e-05,15445.876
7.66,5.8702724e-05,15363.673
7.67,5.9387585e-05,15284.242
7.68,5.9929014e-05,15207.207
7.69,6.0290982e-05,15132.053
7.7,6.044644e-05,15058.18
7.71,6.0378414e-05,14984.964
7.72,6.0080398e-05,14911.797
7.73,5.955614e-05,14838.13
7.74,5.8818856e-05,14763.502
7.75,5.7889985e-05,14687.56
7.76,5.679762e-05,14610.07
7.77,5.5574725e-05,14530.922
7.78,5.425724e-05,14450.118
7.79,5.288223e-05,14367.767
7.8,5.1486164e-05,14284.06
7.81,5.0103336e-05,14199.258
7.82,4.876462e-05,14113.665
7.83,4.749648e-05,14027.609
7.84,4.6320292e-05,13941.419
7.85,4.525198e-05,13855.407
7.86,4.430197e-05,13769.856
7.87,4.347537e-05,13685.005
7.88,4.2772393e-05,13601.039
7.89,4.2188934e-05,13518.094
7.9,4.1717292e-05,13436.246
7.91,4.134694e-05,13355.521
7.92,4.1065327e-05,13275.896
7.93,4.0858664e-05,13197.31
7.94,4.0712646e-05,13119.667
7.95,4.06131e-05,13042.851
7.96,4.0546525e-05,12966.73
7.97,4.0500523e-05,12891.173
7.98,4.0464107e-05,12816.046
7.99,4.0427894e-05,12741.228
8,4.0384213e-05,12666.611
8.01,4.032707e-05,12592.109
8.02,4.0252122e-05,12517.654
8.03,4.015648e-05,12443.2
8.04,4.0038554e-05,12368.723
8.05,3.9897852e-05,12294.217
8.06,3.973476e-05,12219.694
8.07,3.9550327e-05,12145.182
8.08,3.9346058e-05,12070.715
8.09,3.9123763e-05,11996.339
8.1,3.8885384e-05,11922.102
8.11,3.8632894e-05,11848.053
8.12,3.837669e-05,11774.911
8.13,3.853373e-05,11725.244
8.14,4.138242e-05,11789.005
8.15,5.099716e-05,12079.234
8.16,7.060441e-05,12640.977
8.17,0.00010029702,13425.436
8.18,0.00013695196,14329.807
8.19,0.0001757423,15248.322
8.2,0.00021183983,16101.042
8.21,0.00024148996,16839.807
8.22,0.00026241387,17444.266
8.23,0.00027384292,17917.197
8.24,0.00027628147,18275.354
8.25,0.00027104668,18538.02
8.26,0.00025978673,18719.578
8.27,0.00024413005,18827.62
8.28,0.00022550831,18865.031
8.29,0.00020511536,18833.598
8.3,0.00018393637,18737.09
8.31,0.00016279271,18582.94
8.32,0.00014237422,18382.395
8.33,0.00012325331,18149.584
8.34,0.00010588623,17900
8.35,9.0609035e-05,17648.873
8.36,7.763405e-05,17409.742
8.37,6.7049965e-05,17193.404
8.38,5.8827205e-05,17007.348
8.39,5.2829513e-05,16855.6
8.4,4.8831687e-05,16738.996
8.41,4.654261e-05,16655.686
8.42,4.5631637e-05,16601.803
8.43,4.5755616e-05,16572.164
8.44,4.658393e-05,16560.914
8.45,4.7819067e-05,16562.059
8.46,4.921141e-05,16569.889
8.47,5.0567553e-05,16579.262
8.48,5.1752657e-05,16585.781
8.49,5.268763e-05,16585.91
8.5,5.3342545e-05,16576.99
8.51,5.372758e-05,16557.242
8.52,5.3882814e-05,16525.719
8.53,5.386781e-05,16482.225
8.54,5.3751985e-05,16427.223
8.55,5.3606072e-05,16361.72
8.56,5.3495223e-05,16287.134
8.57,5.347373e-05,16205.157
8.58,5.3581472e-05,16117.623
8.59,5.3841984e-05,16026.378
8.6,5.4261956e-05,15933.166
8.61,5.4832046e-05,15839.538
8.62,5.5528693e-05,15746.786
8.63,5.6316767e-05,15655.8955
8.64,5.7152734e-05,15567.537
8.65,5.798809e-05,15482.063
8.66,5.8772875e-05,15399.546
8.67,5.9458973e-05,15319.806
8.68,6.0003007e-05,15242.472
8.69,6.0368773e-05,15167.032
8.7,6.0528986e-05,15092.892
8.71,6.04664e-05,15019.426
8.72,6.017422e-05,14946.027
8.73,5.9655908e-05,14872.145
8.74,5.8924405e-05,14797.315
8.75,5.80009e-05,14721.185
8.76,5.6913286e-05,14643.515
8.77,5.5694356e-05,14564.191
8.78,5.4379936e-05,14483.216
8.79,5.3007036e-05,14400.692
8.8,5.1612093e-05,14316.811
8.81,5.022943e-05,14231.829
8.82,4.889e-05,14146.051
8.83,4.762035e-05,14059.803
8.84,4.6441968e-05,13973.413
8.85,4.537092e-05,13887.194
8.86,4.441777e-05,13801.431
8.87,4.3587763e-05,13716.36
8.88,4.288124e-05,13632.173
8.89,4.2294218e-05,13549.003
8.9,4.1819105e-05,13466.929
8.91,4.144546e-05,13385.978
8.92,4.1160794e-05,13306.128
8.93,4.0951374e-05,13227.318
8.94,4.080292e-05,13149.456
8.95,4.0701267e-05,13072.424
8.96,4.0632916e-05,12996.094
8.97,4.058545e-05,12920.33
8.98,4.054786e-05,12845.002
8.99,4.051073e-05,12769.987
9,4.0466348e-05,12695.179
9.01,4.0408693e-05,12620.487
9.02,4.0333376e-05,12545.847
9.03,4.023747e-05,12471.211
9.04,4.011936e-05,12396.553
9.05,3.9978535e-05,12321.869
9.06,3.9815346e-05,12247.169
9.07,3.9630824e-05,12172.4795
9.08,3.9426468e-05,12097.838
9.09,3.9204075e-05,12023.286
9.1,3.8965576e-05,11948.874
9.11,3.8712944e-05,11874.65
9.12,3.8455735e-05,11801.274
9.13,3.8594375e-05,11750.536
9.14,4.1370535e-05,11811.399
9.15,5.0848656e-05,12097.351
9.16,7.02904e-05,12654.87
9.17,9.984087e-05,13436.305
9.18,0.00013641344,14339.162
9.19,0.00017519062,15257.393
9.2,0.00021133367,16110.598
9.21,0.00024106921,16850.23
9.22,0.0002620993,17455.66
9.23,0.00027363896,17929.494
9.24,0.00027618126,18288.432
9.25,0.0002710373,18551.803
9.26,0.00025985323,18734.053
9.27,0.0002442578,18842.824
9.28,0.0002256838,18881.016
9.29,0.00020532635,18850.38
9.3,0.0001841717,18754.645
9.31,0.00016304218,18601.174
9.32,0.00014262852,18401.17
9.33,0.00012350421,18168.723
9.34,0.000106126645,17919.307
9.35,9.0833244e-05,17668.158
9.36,7.783783e-05,17428.83
9.37,6.723066e-05,17212.16
9.38,5.898375e-05,17025.67
9.39,5.2962278e-05,16873.43
9.4,4.8942293e-05,16756.31
9.41,4.6633635e-05,16672.494
9.42,4.5706285e-05,16618.139
9.43,4.5817396e-05,16588.078
9.44,4.6636313e-05,16576.465
9.45,4.7865266e-05,16577.314
9.46,4.925417e-05,16584.912
9.47,5.0609055e-05,16594.111
9.48,5.1794457e-05,16600.516
9.49,5.2730673e-05,16600.572
9.5,5.3387237e-05,16591.617
9.51,5.3773878e-05,16571.865
9.52,5.3930315e-05,16540.354
9.53,5.3915886e-05,16496.88
9.54,5.379987e-05,16441.904
9.55,5.3652977e-05,16376.418
9.56,5.35404e-05,16301.837
9.57,5.3516545e-05,16219.85
9.58,5.362147e-05,16132.286
9.59,5.3878885e-05,16040.991
9.6,5.4295702e-05,15947.71
9.61,5.486277e-05,15853.996
9.62,5.555672e-05,15761.143
9.63,5.6342575e-05,15670.14
9.64,5.7176916e-05,15581.658
9.65,5.801133e-05,15496.06
9.66,5.879589e-05,15413.414
9.67,5.9482467e-05,15333.548
9.68,6.0027643e-05,15256.093
9.69,6.039513e-05,15180.538
9.7,6.0557548e-05,15106.291
9.71,6.0497518e-05,15032.726
9.72,6.020812e-05,14959.235
9.73,5.969267e-05,14885.27
9.74,5.8963986e-05,14810.363
9.75,5.8043137e-05,14734.161
9.76,5.6957913e-05,14656.425
9.77,5.5741024e-05,14577.038
9.78,5.4428245e-05,14495.999
9.79,5.3056538e-05,14413.412
9.8,5.1662333e-05,14329.467
9.81,5.0279967e-05,14244.42
9.82,4.894041e-05,14158.573
9.83,4.767024e-05,14072.253
9.84,4.649102e-05,13985.788
9.85,4.5418856e-05,13899.492
9.86,4.4464377e-05,13813.646
9.87,4.36329e-05,13728.492
9.88,4.292482e-05,13644.218
9.89,4.2336218e-05,13560.96
9.9,4.185955e-05,13478.797
9.91,4.148441e-05,13397.757
9.92,4.1198353e-05,13317.818
9.93,4.0987663e-05,13238.921
9.94,4.083808e-05,13160.972
9.95,4.073545e-05,13083.855
9.96,4.066627e-05,13007.442
9.97,4.061812e-05,12931.598
9.98,4.0579976e-05,12856.191
9.99,4.0542418e-05,12781.1
10,4.0497715e-05,12706.216
10.01,4.0439827e-05,12631.452
10.02,4.036435e-05,12556.74
10.03,4.0268344e-05,12482.033
10.04,4.0150175e-05,12407.307
10.05,4.0009312e-05,12332.554
10.06,3.9846105e-05,12257.786
10.07,3.9661576e-05,12183.03
10.08,3.9457216e-05,12108.32
10.09,3.923481e-05,12033.702
10.1,3.8996295e-05,11959.223
10.11,3.8743638e-05,11884.931
10.12,3.8486036e-05,11811.461
10.13,3.861535e-05,11760.19
10.14,4.135243e-05,11819.497
10.15,5.0753864e-05,12103.034
10.16,7.009855e-05,12658.039
10.17,9.9560035e-05,13437.517
10.18,0.00013607315,14339.198
10.19,0.0001748278,15256.922
10.2,0.00021098129,16110.064
10.21,0.00024075131,16849.877
10.22,0.00026183022,17455.588
10.23,0.00027342484,17929.723
10.24,0.00027602242,18288.96
10.25,0.0002709305,18552.645
10.26,0.00025979342,18735.246
10.27,0.00024423917,18844.42
10.28,0.0002257003,18883.066
10.29,0.00020537194,18852.926
10.3,0.00018424039,18757.686
10.31,0.00016312809,18604.688
10.32,0.00014272604,18405.094
10.33,0.00012360807,18172.97
10.34,0.00010623205,17923.777
10.35,9.093602e-05,17672.746
10.36,7.793455e-05,17433.436
10.37,6.7318746e-05,17216.695
10.38,5.906151e-05,17030.063
10.39,5.3028896e-05,16877.633
10.4,4.8997757e-05,16760.293
10.41,4.6678604e-05,16676.244
10.42,4.5741916e-05,16621.66
10.43,4.584517e-05,16591.385
10.44,4.6657864e-05,16579.582
10.45,4.7882215e-05,16580.27
10.46,4.9268e-05,16587.738
10.47,5.0621027e-05,16596.842
10.48,5.180555e-05,16603.18
10.49,5.274159e-05,16603.2
10.5,5.3398388e-05,16594.232
10.51,5.3785414e-05,16574.486
10.52,5.3942174e-05,16542.998
10.53,5.3927848e-05,16499.557
10.54,5.38116e-05,16444.617
10.55,5.3664087e-05,16379.172
10.56,5.3550495e-05,16304.627
10.57,5.352527e-05,16222.67
10.58,5.3628522e-05,16135.129
10.59,5.3884072e-05,16043.848
10.6,5.4298922e-05,15950.569
10.61,5.4864046e-05,15856.849
10.62,5.5556175e-05,15763.979
10.63,5.6340436e-05,15672.951
10.64,5.7173493e-05,15584.44
10.65,5.8006997e-05,15498.807
10.66,5.879106e-05,15416.125
10.67,5.947757e-05,15336.223
10.68,6.0023107e-05,15258.731
10.69,6.0391347e-05,15183.143
10.7,6.0554863e-05,15108.864
10.71,6.0496222e-05,15035.271
10.72,6.020843e-05,14961.759
10.73,5.9694732e-05,14887.774
10.74,5.8967857e-05,14812.8545
10.75,5.8048812e-05,14736.641
10.76,5.6965317e-05,14658.896
10.77,5.5750017e-05,14579.503
10.78,5.4438642e-05,14498.46
10.79,5.306812e-05,14415.869
10.8,5.1674855e-05,14331.92
10.81,5.0293173e-05,14246.867
10.82,4.8954036e-05,14161.015
10.83,4.768405e-05,14074.687
10.84,4.650478e-05,13988.212
10.85,4.5432378e-05,13901.903
10.86,4.447749e-05,13816.044
10.87,4.3645465e-05,13730.873
10.88,4.2936743e-05,13646.582
10.89,4.234743e-05,13563.305
10.9,4.187002e-05,13481.122
10.91,4.149413e-05,13400.062
10.92,4.1207346e-05,13320.102
10.93,4.0995965e-05,13241.184
10.94,4.084575e-05,13163.214
10.95,4.074255e-05,13086.077
10.96,4.0672872e-05,13009.645
10.97,4.06243e-05,12933.781
10.98,4.058581e-05,12858.356
10.99,4.0547977e-05,12783.248
11,4.0503062e-05,12708.35
11.01,4.044502e-05,12633.57
11.02,4.036944e-05,12558.845
11.03,4.027337e-05,12484.124
11.04,4.0155177e-05,12409.385
11.05,4.0014318e-05,12334.619
11.06,3.9851137e-05,12259.84
11.07,3.966665e-05,12185.071
11.08,3.9462342e-05,12110.35
11.09,3.9239996e-05,12035.719
11.1,3.9001545e-05,11961.228
11.11,3.8748953e-05,11886.925
11.12,3.8491216e-05,11813.429
11.13,3.8617123e-05,11761.978
11.14,4.134074e-05,11820.763
11.15,5.0716324e-05,12103.499
11.16,7.002847e-05,12657.669
11.17,9.945982e-05,13436.482
11.18,0.00013595202,14337.737
11.19,0.0001746972,15255.237
11.2,0.00021085162,16108.295
11.21,0.00024063035,16848.1
11.22,0.00026172298,17453.846
11.23,0.00027333404,17928.04
11.24,0.00027594905,18287.352
11.25,0.00027087436,18551.125
11.26,0.00025975358,18733.838
11.27,0.0002442142,18843.148
11.28,0.00022568855,18881.953
11.29,0.0002053715,18851.986
11.3,0.00018424937,18756.926
11.31,0.00016314455,18604.102
11.32,0.00014274805,18404.664
11.33,0.00012363376,18172.674
11.34,0.00010625968,17923.582
11.35,9.096403e-05,17672.615
11.36,7.796161e-05,17433.336
11.37,6.7343804e-05,17216.598
11.38,5.90838e-05,17029.941
11.39,5.3047974e-05,16877.467
11.4,4.9013423e-05,16760.07
11.41,4.6690926e-05,16675.959
11.42,4.575115e-05,16621.309
11.43,4.585171e-05,16590.973
11.44,4.6662186e-05,16579.113
11.45,4.7884816e-05,16579.752
11.46,4.926936e-05,16587.182
11.47,5.0621566e-05,16596.256
11.48,5.1805615e-05,16602.574
11.49,5.2741438e-05,16602.584
11.5,5.3398173e-05,16593.617
11.51,5.3785214e-05,16573.879
11.52,5.3942003e-05,16542.402
11.53,5.3927655e-05,16498.98
11.54,5.38113e-05,16444.06
11.55,5.366357e-05,16378.635
11.56,5.354964e-05,16304.111
11.57,5.3523963e-05,16222.174
11.58,5.3626663e-05,16134.65
11.59,5.3881588e-05,16043.383
11.6,5.429577e-05,15950.116
11.61,5.4860222e-05,15856.403
11.62,5.555171e-05,15763.539
11.63,5.63354e-05,15672.514
11.64,5.7167978e-05,15584.003
11.65,5.8001122e-05,15498.368
11.66,5.8784968e-05,15415.684
11.67,5.9471404e-05,15335.777
11.68,6.001701e-05,15258.283
11.69,6.038547e-05,15182.691
11.7,6.0549333e-05,15108.411
11.71,6.049115e-05,15034.817
11.72,6.0203907e-05,14961.306
11.73,5.9690818e-05,14887.322
11.74,5.896459e-05,14812.405
11.75,5.8046204e-05,14736.196
11.76,5.6963352e-05,14658.457
11.77,5.5748667e-05,14579.07
11.78,5.443785e-05,14498.033
11.79,5.306782e-05,14415.449
11.8,5.1674968e-05,14331.506
11.81,5.0293613e-05,14246.461
11.82,4.895472e-05,14160.614
11.83,4.768489e-05,14074.292
11.84,4.65057e-05,13987.822
11.85,4.543329e-05,13901.518
11.86,4.447834e-05,13815.662
11.87,4.36462e-05,13730.495
11.88,4.2937314e-05,13646.206
11.89,4.2347812e-05,13562.931
11.9,4.1870186e-05,13480.749
11.91,4.1494077e-05,13399.689
11.92,4.1207066e-05,13319.73
11.93,4.099547e-05,13240.8125
11.94,4.084505e-05,13162.844
11.95,4.0741666e-05,13085.708
11.96,4.0671825e-05,13009.275
11.97,4.0623112e-05,12933.413
11.98,4.058451e-05,12857.99
11.99,4.054658e-05,12782.883
12,4.0501596e-05,12707.985
12.01,4.0443505e-05,12633.209
12.02,4.03679e-05,12558.485
12.03,4.027182e-05,12483.768
12.04,4.015363e-05,12409.03
12.05,4.001278e-05,12334.269
12.06,3.9849616e-05,12259.491
12.07,3.9665152e-05,12184.726
12.08,3.9460876e-05,12110.007
12.09,3.9238566e-05,12035.379
12.1,3.900015e-05,11960.891
12.11,3.8747603e-05,11886.59
12.12,3.8489983e-05,11813.102
12.13,3.8615784e-05,11761.636
12.14,4.133627e-05,11820.281
12.15,5.07031e-05,12102.719
12.16,7.000148e-05,12656.504
12.17,9.941737e-05,13434.947
12.18,0.000135896,14335.909
12.19,0.00017463167,15253.203
12.2,0.00021078117,16106.124
12.21,0.00024055908,16845.842
12.22,0.000261654,17451.531
12.23,0.00027326948,17925.686
12.24,0.00027589026,18284.975
12.25,0.0002708222,18548.742
12.26,0.00025970858,18731.47
12.27,0.0002441766,18840.816
12.28,0.00022565822,18879.678
12.29,0.00020534816,18849.783
12.3,0.00018423246,18754.807
12.31,0.00016313337,18602.072
12.32,0.0001427418,18402.725
12.33,0.00012363156,18170.82
12.34,0.00010626065,17921.805
12.35,9.096729e-05,17670.9
12.36,7.796634e-05,17431.674
12.37,6.734925e-05,17214.969
12.38,5.9089325e-05,17028.334
12.39,5.3053063e-05,16875.87
12.4,4.901772e-05,16758.47
12.41,4.6694196e-05,16674.35
12.42,4.575329e-05,16619.686
12.43,4.585271e-05,16589.332
12.44,4.6662102e-05,16577.453
12.45,4.7883765e-05,16578.076
12.46,4.926748e-05,16585.49
12.47,5.0619023e-05,16594.55
12.48,5.1802566e-05,16600.86
12.49,5.273802e-05,16600.865
12.5,5.3394517e-05,16591.896
12.51,5.378141e-05,16572.162
12.52,5.3938104e-05,16540.693
12.53,5.3923686e-05,16497.281
12.54,5.3807253e-05,16442.373
12.55,5.365942e-05,16376.964
12.56,5.3545347e-05,16302.456
12.57,5.3519478e-05,16220.536
12.58,5.362194e-05,16133.029
12.59,5.387658e-05,16041.778
12.6,5.429045e-05,15948.527
12.61,5.4854558e-05,15854.828
12.62,5.5545697e-05,15761.977
12.63,5.632904e-05,15670.963
12.64,5.7161313e-05,15582.462
12.65,5.7994206e-05,15496.835
12.66,5.8777867e-05,15414.158
12.67,5.94642e-05,15334.26
12.68,6.0009785e-05,15256.772
12.69,6.0378294e-05,15181.188
12.7,6.054228e-05,15106.916
12.71,6.0484275e-05,15033.331
12.72,6.0197253e-05,14959.828
12.73,5.9684422e-05,14885.854
12.74,5.895848e-05,14810.946
12.75,5.804039e-05,14734.746
12.76,5.6957833e-05,14657.017
12.77,5.574344e-05,14577.64
12.78,5.4432898e-05,14496.613
12.79,5.3063122e-05,14414.039
12.8,5.16705e-05,14330.106
12.81,5.0289356e-05,14245.07
12.82,4.8950646e-05,14159.233
12.83,4.7680973e-05,14072.921
12.84,4.6501915e-05,13986.461
12.85,4.542962e-05,13900.166
12.86,4.4474753e-05,13814.319
12.87,4.36427e-05,13729.161
12.88,4.293388e-05,13644.881
12.89,4.234442e-05,13561.614
12.9,4.186682e-05,13479.442
12.91,4.1490715e-05,13398.391
12.92,4.1203697e-05,13318.44
12.93,4.099208e-05,13239.531
12.94,4.0841624e-05,13161.57
12.95,4.07382e-05,13084.442
12.96,4.0668314e-05,13008.019
12.97,4.061955e-05,12932.165
12.98,4.0580897e-05,12856.749
12.99,4.054292e-05,12781.65
13,4.049789e-05,12706.761
13.01,4.0439758e-05,12631.991
13.02,4.0364117e-05,12557.275
13.03,4.0268013e-05,12482.565
13.04,4.0149804e-05,12407.836
13.05,4.000895e-05,12333.081
13.06,3.9845785e-05,12258.3125
13.07,3.966133e-05,12183.554
13.08,3.9457063e-05,12108.843
13.09,3.923477e-05,12034.224
13.1,3.8996383e-05,11959.742
13.11,3.874386e-05,11885.45
13.12,3.848624e-05,11811.966
13.13,3.8611593e-05,11760.488
13.14,4.1331696e-05,11819.14
13.15,5.0699444e-05,12101.632
13.16,7.0000286e-05,12655.501
13.17,9.941921e-05,13434.0205
13.18,0.00013590019,14335.025
13.19,0.00017463673,15252.325
13.2,0.00021078555,16105.225
13.21,0.00024056155,16844.906
13.22,0.00026165365,17450.543
13.23,0.0002732657,17924.635
13.24,0.00027588295,18283.865
13.25,0.00027081172,18547.584
13.26,0.00025969563,18730.275
13.27,0.00024416196,18839.594
13.28,0.00022564271,18878.434
13.29,0.00020533238,18848.52
13.3,0.00018421689,18753.527
13.31,0.00016311834,18600.78
13.32,0.00014272759,18401.424
13.33,0.00012361836,18169.516
13.34,0.000106248604,17920.502
13.35,9.0956484e-05,17669.61
13.36,7.795681e-05,17430.395
13.37,6.734098e-05,17213.709
13.38,5.9082267e-05,17027.094
13.39,5.3047115e-05,16874.65
13.4,4.901275e-05,16757.275
13.41,4.669005e-05,16673.176
13.42,4.5749795e-05,16618.531
13.43,4.584969e-05,16588.193
13.44,4.6659414e-05,16576.328
13.45,4.788127e-05,16576.96
13.46,4.926507e-05,16584.385
13.47,5.06166e-05,16593.451
13.48,5.180007e-05,16599.766
13.49,5.2735413e-05,16599.773
13.5,5.339178e-05,16590.809
13.51,5.3778545e-05,16571.074
13.52,5.3935128e-05,16539.605
13.53,5.392062e-05,16496.195
13.54,5.3804124e-05,16441.291
13.55,5.3656255e-05,16375.883
13.56,5.3542168e-05,16301.378
13.57,5.351631e-05,16219.461
13.58,5.3618794e-05,16131.959
13.59,5.387347e-05,16040.713
13.6,5.4287375e-05,15947.468
13.61,5.485152e-05,15853.775
13.62,5.5542696e-05,15760.93
13.63,5.632607e-05,15669.924
13.64,5.715835e-05,15581.431
13.65,5.7991223e-05,15495.8125
13.66,5.8774833e-05,15413.144
13.67,5.946109e-05,15333.252
13.68,6.000658e-05,15255.772
13.69,6.0374987e-05,15180.194
13.7,6.0538863e-05,15105.928
13.71,6.0480765e-05,15032.349
13.72,6.019367e-05,14958.85
13.73,5.968079e-05,14884.881
13.74,5.8954825e-05,14809.978
13.75,5.8036745e-05,14733.783
13.76,5.6954224e-05,14656.06
13.77,5.5739893e-05,14576.6875
13.78,5.442944e-05,14495.667
13.79,5.305977e-05,14413.1
13.8,5.1667266e-05,14329.173
13.81,5.0286242e-05,14244.144
13.82,4.8947648e-05,14158.313
13.83,4.767809e-05,14072.008
13.84,4.649913e-05,13985.555
13.85,4.5426925e-05,13899.267
13.86,4.4472134e-05,13813.427
13.87,4.3640113e-05,13728.275
13.88,4.293132e-05,13644.001
13.89,4.234187e-05,13560.741
13.9,4.1864278e-05,13478.574
13.91,4.1488172e-05,13397.528
13.92,4.120115e-05,13317.584
13.93,4.0989526e-05,13238.68
13.94,4.0839066e-05,13160.724
13.95,4.073564e-05,13083.602
13.96,4.066575e-05,13007.183
13.97,4.061699e-05,12931.333
13.98,4.0578336e-05,12855.923
13.99,4.054037e-05,12780.829
14,4.049535e-05,12705.944
14.01,4.0437237e-05,12631.181
14.02,4.036161e-05,12556.47
14.03,4.026552e-05,12481.765
14.04,4.014733e-05,12407.041
14.05,4.000649e-05,12332.291
14.06,3.9843344e-05,12257.527
14.07,3.9658906e-05,12182.774
14.08,3.945466e-05,12108.068
14.09,3.9232382e-05,12033.454
14.1,3.899401e-05,11958.979
14.11,3.8741506e-05,11884.691
14.12,3.8483846e-05,11811.21
14.13,3.8609047e-05,11759.732
14.14,4.1328847e-05,11818.377
14.15,5.0695766e-05,12100.844
14.16,6.9995025e-05,12654.667
14.17,9.941171e-05,13433.13
14.18,0.0001358901,14334.072
14.19,0.00017462407,15251.312
14.2,0.00021077057,16104.155
14.21,0.00024054472,16843.79
14.22,0.00026163613,17449.412
14.23,0.0002732493,17923.535
14.24,0.00027586927,18282.82
14.25,0.00027080174,18546.602
14.26,0.0002596895,18729.35
14.27,0.00024415925,18838.713
14.28,0.00022564275,18877.59
14.29,0.00020533451,18847.709
14.3,0.00018422052,18752.75
14.31,0.00016312306,18600.037
14.32,0.00014273298,18400.715
14.33,0.00012362412,18168.838
14.34,0.0001062544,17919.852
14.35,9.0962065e-05,17668.979
14.36,7.7961944e-05,17429.781
14.37,6.734549e-05,17213.105
14.38,5.908602e-05,17026.494
14.39,5.3050037e-05,16874.05
14.4,4.901482e-05,16756.672
14.41,4.6691282e-05,16672.564
14.42,4.5750243e-05,16617.914
14.43,4.5849443e-05,16587.568
14.44,4.665857e-05,16575.697
14.45,4.7879945e-05,16576.324
14.46,4.9263384e-05,16583.742
14.47,5.0614668e-05,16592.809
14.48,5.1797993e-05,16599.123
14.49,5.273328e-05,16599.135
14.5,5.338966e-05,16590.172
14.51,5.377648e-05,16570.443
14.52,5.393313e-05,16538.984
14.53,5.3918702e-05,16495.58
14.54,5.380228e-05,16440.684
14.55,5.365447e-05,16375.284
14.56,5.354043e-05,16300.788
14.57,5.351459e-05,16218.88
14.58,5.3617077e-05,16131.386
14.59,5.3871732e-05,16040.147
14.6,5.4285603e-05,15946.908
14.61,5.4849705e-05,15853.223
14.62,5.5540826e-05,15760.383
14.63,5.632415e-05,15669.382
14.64,5.7156383e-05,15580.893
14.65,5.7989222e-05,15495.278
14.66,5.877281e-05,15412.612
14.67,5.945906e-05,15332.725
14.68,6.0004564e-05,15255.247
14.69,6.0373e-05,15179.673
14.7,6.053693e-05,15105.409
14.71,6.04789e-05,15031.833
14.72,6.0191884e-05,14958.337
14.73,5.9679096e-05,14884.372
14.74,5.895323e-05,14809.472
14.75,5.803525e-05,14733.281
14.76,5.695283e-05,14655.562
14.77,5.5738597e-05,14576.193
14.78,5.442823e-05,14495.177
14.79,5.3058637e-05,14412.613
14.8,5.16662e-05,14328.691
14.81,5.0285224e-05,14243.666
14.82,4.894667e-05,14157.841
14.83,4.767713e-05,14071.539
14.84,4.6498182e-05,13985.089
14.85,4.542597e-05,13898.805
14.86,4.4471162e-05,13812.969
14.87,4.363912e-05,13727.82
14.88,4.2930296e-05,13643.55
14.89,4.2340813e-05,13560.293
14.9,4.186318e-05,13478.129
14.91,4.1487034e-05,13397.086
14.92,4.1199975e-05,13317.145
14.93,4.0988318e-05,13238.243
14.94,4.0837826e-05,13160.29
14.95,4.073437e-05,13083.17
14.96,4.066446e-05,13006.754
14.97,4.0615687e-05,12930.908
14.98,4.0577022e-05,12855.5
14.99,4.0539053e-05,12780.409
15,4.0494033e-05,12705.527
15.01,4.043592e-05,12630.767
15.02,4.0360304e-05,12556.059
15.03,4.0264225e-05,12481.357
15.04,4.0146046e-05,12406.636
15.05,4.0005223e-05,12331.89
15.06,3.9842093e-05,12257.129
15.07,3.965767e-05,12182.379
15.08,3.9453436e-05,12107.676
15.09,3.9231178e-05,12033.064
15.1,3.899282e-05,11958.592
15.11,3.874033e-05,11884.307
15.12,3.8482718e-05,11810.83
15.13,3.8608432e-05,11759.379
15.14,4.1330044e-05,11818.094
15.15,5.0700306e-05,12100.662
15.16,7.000361e-05,12654.589
15.17,9.942388e-05,13433.128
15.18,0.00013590454,14334.114
15.19,0.00017463928,15251.373
15.2,0.00021078526,16104.219
15.21,0.00024055799,16843.846
15.22,0.0002616472,17449.447
15.23,0.0002732574,17923.535
15.24,0.00027587404,18282.78
15.25,0.0002708032,18546.518
15.26,0.00025968798,18729.227
15.27,0.0002441553,18838.557
15.28,0.00022563692,18877.404
15.29,0.00020532736,18847.494
15.3,0.00018421252,18752.508
15.31,0.00016311459,18599.77
15.32,0.00014272438,18400.426
15.33,0.00012361567,18168.531
15.34,0.00010624635,17919.535
15.35,9.09546e-05,17668.658
15.36,7.795522e-05,17429.46
15.37,6.733961e-05,17212.791
15.38,5.908102e-05,17026.191
15.39,5.3045907e-05,16873.76
15.4,4.901151e-05,16756.395
15.41,4.6688707e-05,16672.303
15.42,4.57483e-05,16617.664
15.43,4.584802e-05,16587.332
15.44,4.6657555e-05,16575.47
15.45,4.787922e-05,16576.107
15.46,4.9262853e-05,16583.533
15.47,5.0614246e-05,16592.604
15.48,5.179761e-05,16598.92
15.49,5.2732885e-05,16598.932
15.5,5.3389213e-05,16589.969
15.51,5.377597e-05,16570.238
15.52,5.3932563e-05,16538.775
15.53,5.3918087e-05,16495.37
15.54,5.3801636e-05,16440.47
15.55,5.3653817e-05,16375.068
15.56,5.353979e-05,16300.569
15.57,5.351398e-05,16218.659
15.58,5.3616517e-05,16131.163
15.59,5.3871234e-05,16039.924
15.6,5.428517e-05,15946.685
15.61,5.484934e-05,15852.999
15.62,5.5540528e-05,15760.16
15.63,5.6323905e-05,15669.16
15.64,5.715618e-05,15580.673
15.65,5.798904e-05,15495.061
15.66,5.8772635e-05,15412.397
15.67,5.9458875e-05,15332.512
15.68,6.0004346e-05,15255.036
15.69,6.0372735e-05,15179.464
15.7,6.05366e-05,15105.202
15.71,6.0478495e-05,15031.627
15.72,6.0191393e-05,14958.133
15.73,5.9678518e-05,14884.169
15.74,5.895256e-05,14809.2705
15.75,5.803449e-05,14733.081
15.76,5.6951994e-05,14655.361
15.77,5.5737688e-05,14575.994
15.78,5.4427263e-05,14494.979
15.79,5.3057625e-05,14412.415
15.8,5.1665156e-05,14328.493
15.81,5.028417e-05,14243.469
15.82,4.8945614e-05,14157.644
15.83,4.767609e-05,14071.343
15.84,4.6497167e-05,13984.894
15.85,4.542499e-05,13898.61
15.86,4.4470227e-05,13812.775
15.87,4.363823e-05,13727.629
15.88,4.2929456e-05,13643.359
15.89,4.2340027e-05,13560.104
15.9,4.186244e-05,13477.941
15.91,4.1486346e-05,13396.9
15.92,4.119933e-05,13316.96
15.93,4.0987714e-05,13238.061
15.94,4.0837258e-05,13160.108
15.95,4.0733834e-05,13082.99
15.96,4.066395e-05,13006.575
15.97,4.0615192e-05,12930.73
15.98,4.0576546e-05,12855.324
15.99,4.0538584e-05,12780.234
16,4.049357e-05,12705.354
16.01,4.043546e-05,12630.594
16.02,4.0359846e-05,12555.887
16.03,4.026377e-05,12481.187
16.04,4.014559e-05,12406.466
16.05,4.000476e-05,12331.721
16.06,3.9841627e-05,12256.96
16.07,3.96572e-05,12182.212
16.08,3.9452963e-05,12107.51
16.09,3.9230694e-05,12032.898
16.1,3.8992333e-05,11958.427
16.11,3.8739836e-05,11884.144
16.12,3.8482256e-05,11810.67
16.13,3.86079e-05,11759.213
16.14,4.132854e-05,11817.886
16.15,5.0696217e-05,12100.368
16.16,6.9995556e-05,12654.186
16.17,9.9411394e-05,13432.619
16.18,0.00013588813,14333.52
16.19,0.00017461996,15250.713
16.2,0.00021076422,16103.512
16.21,0.00024053636,16843.105
16.22,0.0002616261,17448.693
16.23,0.00027323797,17922.787
16.24,0.00027585714,18282.049
16.25,0.00027078926,18545.81
16.26,0.0002596771,18728.545
16.27,0.00024414732,18837.9
16.28,0.00022563158,18876.773
16.29,0.00020532426,18846.893
16.3,0.00018421134,18751.938
16.31,0.00016311498,18599.229
16.32,0.00014272604,18399.918
16.33,0.00012361826,18168.053
16.34,0.000106249565,17919.082
16.35,9.095815e-05,17668.225
16.36,7.795885e-05,17429.043
16.37,6.734309e-05,17212.38
16.38,5.9084177e-05,17025.785
16.39,5.3048614e-05,16873.354
16.4,4.9013684e-05,16755.984
16.41,4.6690315e-05,16671.887
16.42,4.5749348e-05,16617.24
16.43,4.5848545e-05,16586.898
16.44,4.6657613e-05,16575.031
16.45,4.78789e-05,16575.658
16.46,4.926223e-05,16583.078
16.47,5.0613406e-05,16592.145
16.48,5.1796622e-05,16598.459
16.49,5.2731808e-05,16598.47
16.5,5.3388092e-05,16589.51
16.51,5.3774842e-05,16569.781
16.52,5.3931446e-05,16538.322
16.53,5.3916985e-05,16494.92
16.54,5.3800544e-05,16440.025
16.55,5.365272e-05,16374.63
16.56,5.3538664e-05,16300.137
16.57,5.3512817e-05,16218.232
16.58,5.3615287e-05,16130.742
16.59,5.3869924e-05,16039.508
16.6,5.4283766e-05,15946.274
16.61,5.4847835e-05,15852.593
16.62,5.553892e-05,15759.758
16.63,5.63222e-05,15668.761
16.64,5.7154386e-05,15580.276
16.65,5.7987174e-05,15494.666
16.66,5.8770718e-05,15412.005
16.67,5.9456925e-05,15332.121
16.68,6.000239e-05,15254.647
16.69,6.0370796e-05,15179.076
16.7,6.0534698e-05,15104.816
16.71,6.047665e-05,15031.243
16.72,6.0189628e-05,14957.751
16.73,5.9676844e-05,14883.789
16.74,5.8950995e-05,14808.894
16.75,5.8033038e-05,14732.706
16.76,5.6950656e-05,14654.989
16.77,5.5736462e-05,14575.625
16.78,5.442615e-05,14494.612
16.79,5.305661e-05,14412.052
16.8,5.1664232e-05,14328.133
16.81,5.028332e-05,14243.112
16.82,4.8944825e-05,14157.29
16.83,4.7675352e-05,14070.992
16.84,4.6496458e-05,13984.546
16.85,4.5424298e-05,13898.266
16.86,4.446954e-05,13812.434
16.87,4.363754e-05,13727.289
16.88,4.292875e-05,13643.022
16.89,4.23393e-05,13559.769
16.9,4.1861687e-05,13477.608
16.91,4.1485564e-05,13396.569
16.92,4.1198517e-05,13316.631
16.93,4.0986866e-05,13237.733
16.94,4.083638e-05,13159.783
16.95,4.0732928e-05,13082.667
16.96,4.0663017e-05,13006.254
16.97,4.061424e-05,12930.411
16.98,4.0575575e-05,12855.007
16.99,4.0537598e-05,12779.919
17,4.0492574e-05,12705.04
17.01,4.0434457e-05,12630.282
17.02,4.0358835e-05,12555.577
17.03,4.0262752e-05,12480.879
17.04,4.014457e-05,12406.16
17.05,4.0003746e-05,12331.417
17.06,3.984062e-05,12256.659
17.07,3.9656203e-05,12181.912
17.08,3.9451977e-05,12107.213
17.09,3.9229726e-05,12032.6045
17.1,3.899138e-05,11958.135
17.11,3.8738897e-05,11883.853
17.12,3.8481354e-05,11810.385
17.13,3.8608276e-05,11758.992
17.14,4.1334053e-05,11817.863
17.15,5.071208e-05,12100.671
17.16,7.002519e-05,12654.848
17.17,9.945452e-05,13433.584
17.18,0.00013594149,14334.699
17.19,0.00017467915,15252.026
17.2,0.00021082505,16104.904
17.21,0.00024059543,16844.54
17.22,0.00026168054,17450.123
17.23,0.0002732853,17924.17
17.24,0.00027589564,18283.36
17.25,0.00027081824,18547.04
17.26,0.00025969686,18729.686
17.27,0.00024415873,18838.955
17.28,0.00022563578,18877.74
17.29,0.00020532253,18847.768
17.3,0.00018420484,18752.719
17.31,0.0001631048,18599.92
17.32,0.00014271322,18400.523
17.33,0.00012360375,18168.584
17.34,0.00010623427,17919.555
17.35,9.094287e-05,17668.656
17.36,7.7944256e-05,17429.45
17.37,6.732974e-05,17212.78
17.38,5.9072445e-05,17026.19
17.39,5.3038744e-05,16873.775
17.4,4.900577e-05,16756.432
17.41,4.6684323e-05,16672.363
17.42,4.5745142e-05,16617.748
17.43,4.584591e-05,16587.44
17.44,4.665629e-05,16575.598
17.45,4.7878606e-05,16576.25
17.46,4.9262686e-05,16583.69
17.47,5.061436e-05,16592.768
17.48,5.1797866e-05,16599.09
17.49,5.273318e-05,16599.104
17.5,5.3389478e-05,16590.139
17.51,5.377617e-05,16570.404
17.52,5.3932697e-05,16538.936
17.53,5.391817e-05,16495.521
17.54,5.3801705e-05,16440.613
17.55,5.365392e-05,16375.203
17.56,5.353997e-05,16300.696
17.57,5.351429e-05,16218.778
17.58,5.3616994e-05,16131.275
17.59,5.3871907e-05,16040.031
17.6,5.428605e-05,15946.788
17.61,5.4850418e-05,15853.1
17.62,5.5541797e-05,15760.258
17.63,5.6325345e-05,15669.257
17.64,5.7157773e-05,15580.7705
17.65,5.7990757e-05,15495.158
17.66,5.877443e-05,15412.496
17.67,5.9460694e-05,15332.612
17.68,6.0006143e-05,15255.139
17.69,6.037446e-05,15179.568
17.7,6.0538205e-05,15105.308
17.71,6.047994e-05,15031.733
17.72,6.0192666e-05,14958.24
17.73,5.9679587e-05,14884.276
17.74,5.8953403e-05,14809.377
17.75,5.8035097e-05,14733.187
17.76,5.695235e-05,14655.465
17.77,5.5737797e-05,14576.097
17.78,5.442714e-05,14495.078
17.79,5.3057287e-05,14412.512
17.8,5.1664632e-05,14328.587
17.81,5.028349e-05,14243.561
17.82,4.894482e-05,14157.731
17.83,4.767523e-05,14071.428
17.84,4.6496272e-05,13984.977
17.85,4.5424105e-05,13898.691
17.86,4.446939e-05,13812.8545
17.87,4.3637476e-05,13727.706
17.88,4.292881e-05,13643.437
17.89,4.2339503e-05,13560.18
17.9,4.186206e-05,13478.018
17.91,4.148611e-05,13396.977
17.92,4.1199244e-05,13317.037
17.93,4.0987765e-05,13238.138
17.94,4.0837436e-05,13160.1875
17.95,4.0734125e-05,13083.069
17.96,4.066433e-05,13006.655
17.97,4.0615643e-05,12930.812
17.98,4.0577048e-05,12855.405
17.99,4.0539115e-05,12780.315
18,4.0494113e-05,12705.435
18.01,4.0436e-05,12630.675
18.02,4.036037e-05,12555.967
18.03,4.0264265e-05,12481.266
18.04,4.0146057e-05,12406.544
18.05,4.0005198e-05,12331.798
18.06,3.9842034e-05,12257.036
18.07,3.9657574e-05,12182.286
18.08,3.945331e-05,12107.583
18.09,3.9231018e-05,12032.972
18.1,3.899263e-05,11958.499
18.11,3.8740112e-05,11884.214
18.12,3.8482412e-05,11810.732
18.13,3.8607097e-05,11759.235
18.14,4.132594e-05,11817.858
18.15,5.0692342e-05,12100.327
18.16,6.999198e-05,12654.177
18.17,9.940966e-05,13432.669
18.18,0.00013588907,14333.631
18.19,0.00017462364,15250.874
18.2,0.00021077014,16103.71
18.21,0.00024054381,16843.328
18.22,0.000261634,17448.914
18.23,0.0002732451,17922.98
18.24,0.00027586246,18282.205
18.25,0.0002707923,18545.93
18.26,0.00025967788,18728.633
18.27,0.00024414615,18837.967
18.28,0.00022562893,18876.822
18.29,0.00020532057,18846.928
18.3,0.00018420692,18751.957
18.31,0.0001631101,18599.232
18.32,0.0001427209,18399.904
18.33,0.00012361305,18168.023
18.34,0.00010624445,17919.037
18.35,9.095327e-05,17668.17
18.36,7.795431e-05,17428.98
18.37,6.7339e-05,17212.314
18.38,5.9080605e-05,17025.719
18.39,5.3045598e-05,16873.291
18.4,4.9011236e-05,16755.926
18.41,4.6688427e-05,16671.834
18.42,4.574798e-05,16617.195
18.43,4.584764e-05,16586.861
18.44,4.6657096e-05,16575
18.45,4.787869e-05,16575.635
18.46,4.926225e-05,16583.059
18.47,5.061357e-05,16592.129
18.48,5.1796866e-05,16598.445
18.49,5.2732074e-05,16598.457
18.5,5.338834e-05,16589.494
18.51,5.377504e-05,16569.766
18.52,5.3931573e-05,16538.305
18.53,5.391704e-05,16494.9
18.54,5.3800526e-05,16440.004
18.55,5.365264e-05,16374.6045
18.56,5.353854e-05,16300.109
18.57,5.3512656e-05,16218.201
18.58,5.3615116e-05,16130.709
18.59,5.386975e-05,16039.473
18.6,5.428361e-05,15946.237
18.61,5.4847704e-05,15852.555
18.62,5.5538818e-05,15759.719
18.63,5.6322133e-05,15668.721
18.64,5.715435e-05,15580.236
18.65,5.7987167e-05,15494.627
18.66,5.877073e-05,15411.966
18.67,5.9456943e-05,15332.082
18.68,6.0002403e-05,15254.609
18.69,6.0370796e-05,15179.039
18.7,6.053468e-05,15104.779
18.71,6.0476603e-05,15031.207
18.72,6.0189544e-05,14957.716
18.73,5.967672e-05,14883.754
18.74,5.8950824e-05,14808.857
18.75,5.8032827e-05,14732.67
18.76,5.69504e-05,14654.953
18.77,5.5736167e-05,14575.589
18.78,5.442582e-05,14494.576
18.79,5.305625e-05,14412.016
18.8,5.166385e-05,14328.097
18.81,5.0282924e-05,14243.075
18.82,4.894443e-05,14157.253
18.83,4.7674956e-05,14070.954
18.84,4.6496072e-05,13984.508
18.85,4.5423927e-05,13898.228
18.86,4.446919e-05,13812.3955
18.87,4.3637214e-05,13727.251
18.88,4.2928452e-05,13642.984
18.89,4.233903e-05,13559.731
18.9,4.1861447e-05,13477.571
18.91,4.148535e-05,13396.532
18.92,4.119833e-05,13316.594
18.93,4.0986703e-05,13237.696
18.94,4.0836236e-05,13159.747
18.95,4.07328e-05,13082.631
18.96,4.0662904e-05,13006.219
18.97,4.061414e-05,12930.376
18.98,4.0575484e-05,12854.972
18.99,4.0537514e-05,12779.884
19,4.0492494e-05,12705.005
19.01,4.0434377e-05,12630.247
19.02,4.0358755e-05,12555.543
19.03,4.0262672e-05,12480.844
19.04,4.014449e-05,12406.126
19.05,4.000366e-05,12331.383
19.06,3.9840532e-05,12256.625
19.07,3.9656108e-05,12181.878
19.08,3.945188e-05,12107.179
19.09,3.922962e-05,12032.57
19.1,3.8991268e-05,11958.101
19.11,3.8738777e-05,11883.819
19.12,3.8481234e-05,11810.35
19.13,3.8607322e-05,11758.913
19.14,4.1328676e-05,11817.605
19.15,5.069658e-05,12100.083
19.16,6.99951e-05,12653.866
19.17,9.9409146e-05,13432.249
19.18,0.0001358836,14333.098
19.19,0.00017461323,15250.246
19.2,0.00021075572,16103.011
19.21,0.00024052658,16842.578
19.22,0.0002616151,17448.123
19.23,0.00027322525,17922.15
19.24,0.00027584223,18281.336
19.25,0.00027077226,18545.03
19.26,0.0002596585,18727.709
19.27,0.00024412794,18837.025
19.28,0.00022561225,18875.877
19.29,0.00020530571,18845.982
19.3,0.00018419404,18751.021
19.31,0.00016309922,18598.313
19.32,0.00014271199,18399.006
19.33,0.00012360596,18167.146
19.34,0.00010623903,17918.188
19.35,9.094932e-05,17667.346
19.36,7.79516e-05,17428.18
19.37,6.7337285e-05,17211.537
19.38,5.9079637e-05,17024.959
19.39,5.304515e-05,16872.547
19.4,4.90111e-05,16755.193
19.41,4.668842e-05,16671.11
19.42,4.5747955e-05,16616.475
19.43,4.584749e-05,16586.143
19.44,4.665675e-05,16574.281
19.45,4.7878108e-05,16574.914
19.46,4.9261413e-05,16582.336
19.47,5.0612492e-05,16591.402
19.48,5.1795574e-05,16597.715
19.49,5.2730597e-05,16597.723
19.5,5.338672e-05,16588.76
19.51,5.377331e-05,16569.03
19.52,5.3929773e-05,16537.566
19.53,5.391519e-05,16494.164
19.54,5.3798656e-05,16439.27
19.55,5.3650758e-05,16373.873
19.56,5.3536653e-05,16299.382
19.57,5.351076e-05,16217.479
19.58,5.3613203e-05,16129.991
19.59,5.3867807e-05,16038.761
19.6,5.428162e-05,15945.531
19.61,5.4845656e-05,15851.8545
19.62,5.5536697e-05,15759.024
19.63,5.631992e-05,15668.032
19.64,5.7152043e-05,15579.554
19.65,5.7984762e-05,15493.948
19.66,5.8768226e-05,15411.292
19.67,5.945435e-05,15331.413
19.68,5.999973e-05,15253.944
19.69,6.0368056e-05,15178.378
19.7,6.053189e-05,15104.121
19.71,6.047378e-05,15030.553
19.72,6.0186714e-05,14957.063
19.73,5.96739e-05,14883.105
19.74,5.894804e-05,14808.213
19.75,5.8030095e-05,14732.028
19.76,5.694774e-05,14654.315
19.77,5.5733595e-05,14574.955
19.78,5.4423333e-05,14493.945
19.79,5.305386e-05,14411.39
19.8,5.166155e-05,14327.475
19.81,5.0280716e-05,14242.457
19.82,4.8942296e-05,14156.639
19.83,4.7672893e-05,14070.345
19.84,4.6494097e-05,13983.903
19.85,4.5422035e-05,13897.627
19.86,4.446737e-05,13811.798
19.87,4.3635464e-05,13726.658
19.88,4.2926757e-05,13642.3955
19.89,4.2337382e-05,13559.146
19.9,4.185984e-05,13476.99
19.91,4.148377e-05,13395.956
19.92,4.119677e-05,13316.021
19.93,4.0985156e-05,13237.128
19.94,4.0834697e-05,13159.183
19.95,4.073126e-05,13082.069
19.96,4.0661354e-05,13005.661
19.97,4.061258e-05,12929.821
19.98,4.0573912e-05,12854.421
19.99,4.0535924e-05,12779.336
20,4.049089e-05,12704.462
