environment | time (second),Systemic | abdominal_aorta_C114 | u (J_per_m3),Systemic | abdominal_aorta_C114 | v (m3_per_s)
0,0,0
0.01,7.48649,-1.97942e-7
0.02,122.895,1.66157e-6
0.03,568.779,1.24704e-5
0.04,1441.56,3.84308e-5
0.05,2699.2,8.09925e-5
0.06,4278.39,0.000138189
0.07,6156,0.000207401
0.08,8339.46,0.000286698
0.09,10835.8,0.00037465
0.1,13631.5,0.000469608
0.11,16687.3,0.000569215
0.12,19942.3,0.000670317
0.13,23319.7,0.000769187
0.14,26733.8,0.000861855
0.15,30094.8,0.00094443
0.16,33313.2,0.00101335
0.17,36303.5,0.00106557
0.18,38987.7,0.00109867
0.19,41298.3,0.00111097
0.2,43181.1,0.00110164
0.21,44598.7,0.00107067
0.22,45532.4,0.00101898
0.23,45984.3,0.000948396
0.24,45978.5,0.000861608
0.25,45564,0.000762168
0.26,44821.4,0.000654611
0.27,43850.7,0.000544236
0.28,42749.7,0.00043637
0.29,41599.4,0.000335579
0.3,40459.8,0.000245174
0.31,39373.9,0.000167129
0.32,38373.2,0.000102264
0.33,37481.9,5.05469e-5
0.34,36718.4,1.13586e-5
0.35,36095.1,-1.6307e-5
0.36,35617.7,-3.37147e-5
0.37,35284.2,-4.22962e-5
0.38,35085.3,-4.3572e-5
0.39,35005.1,-3.90769e-5
0.4,35022.8,-3.02905e-5
0.41,35114.7,-1.85773e-5
0.42,35255.5,-5.13999e-6
0.43,35420.8,9.01209e-6
0.44,35588.2,2.30796e-5
0.45,35738.4,3.64765e-5
0.46,35856.5,4.8821e-5
0.47,35931.6,5.99155e-5
0.48,35957.5,6.97187e-5
0.49,35931.7,7.83101e-5
0.5,35855.3,8.58538e-5
0.51,35732.1,9.25601e-5
0.52,35567.9,9.86524e-5
0.53,35369.9,0.000104339
0.54,35145.9,0.00010979
0.55,34904,0.000115125
0.56,34651.5,0.000120405
0.57,34395.3,0.000125634
0.58,34141,0.000130761
0.59,33893.2,0.000135691
0.6,33655.1,0.0001403
0.61,33428.6,0.000144442
0.62,33214.4,0.00014797
0.63,33012.1,0.000150742
0.64,32820.7,0.000152636
0.65,32638.3,0.000153562
0.66,32462.6,0.00015346
0.67,32291.3,0.000152312
0.68,32121.8,0.00015014
0.69,31951.9,0.000147004
0.7,31779.7,0.000142998
0.71,31603.7,0.000138248
0.72,31422.7,0.000132901
0.73,31236.3,0.000127122
0.74,31044.3,0.000121082
0.75,30847.1,0.000114952
0.76,30645.3,0.000108896
0.77,30439.9,0.000103067
0.78,30232.2,9.75958e-5
0.79,30023.4,9.25934e-5
0.8,29814.7,8.81449e-5
0.81,29607.5,8.43092e-5
0.82,29402.7,8.11194e-5
0.83,29201.3,7.85837e-5
0.84,29004.1,7.66877e-5
0.85,28811.4,7.53975e-5
0.86,28623.6,7.46627e-5
0.87,28440.6,7.44207e-5
0.88,28262.3,7.46e-5
0.89,28088.3,7.51244e-5
0.9,27918.1,7.59162e-5
0.91,27751.3,7.68992e-5
0.92,27587,7.80016e-5
0.93,27424.8,7.91576e-5
0.94,27263.9,8.03093e-5
0.95,27103.8,8.14075e-5
0.96,26944,8.24122e-5
0.97,26784.1,8.32923e-5
0.98,26623.7,8.40258e-5
0.99,26462.6,8.45987e-5
1,26300.7,8.50042e-5
1.01,26137.9,8.52416e-5
1.02,25974.4,8.53153e-5
1.03,25810.1,8.52339e-5
1.04,25645.3,8.50086e-5
1.05,25480.1,8.46527e-5
1.06,25314.9,8.41807e-5
1.07,25149.7,8.36075e-5
1.08,24984.9,8.29476e-5
1.09,24820.6,8.22154e-5
1.1,24657,8.14241e-5
1.11,24494.3,8.05861e-5
1.12,24332.7,7.97128e-5
1.13,24172.1,7.88142e-5
1.14,24012.8,7.78997e-5
1.15,23854.6,7.69774e-5
1.16,23697.7,7.60549e-5
1.17,23542.1,7.51387e-5
1.18,23387.6,7.42348e-5
1.19,23234.3,7.33488e-5
1.2,23082.2,7.24852e-5
1.21,22931.2,7.16486e-5
1.22,22781.2,7.08426e-5
1.23,22632.2,7.00705e-5
1.24,22484.2,6.93347e-5
1.25,22337.2,6.86374e-5
1.26,22191.2,6.79797e-5
1.27,22046,6.73625e-5
1.28,21901.8,6.67855e-5
1.29,21758.4,6.6248e-5
1.3,21616,6.57486e-5
1.31,21474.5,6.52853e-5
1.32,21333.9,6.48554e-5
1.33,21194.2,6.44558e-5
1.34,21055.5,6.4083e-5
1.35,20917.6,6.37331e-5
1.36,20780.7,6.34021e-5
1.37,20644.6,6.30859e-5
1.38,20509.4,6.27805e-5
1.39,20375.1,6.2482e-5
1.4,20241.7,6.21866e-5
1.41,20109.1,6.18911e-5
1.42,19977.4,6.15923e-5
1.43,19846.4,6.12878e-5
1.44,19716.3,6.09754e-5
1.45,19586.9,6.06536e-5
1.46,19458.3,6.03212e-5
1.47,19330.4,5.99776e-5
1.48,19203.3,5.96225e-5
1.49,19077,5.92562e-5
1.5,18951.3,5.8879e-5
1.51,18826.4,5.84919e-5
1.52,18702.2,5.8096e-5
1.53,18578.8,5.76924e-5
1.54,18456.1,5.72825e-5
1.55,18334.1,5.68679e-5
1.56,18212.9,5.645e-5
1.57,18092.4,5.60302e-5
1.58,17972.7,5.56099e-5
1.59,17853.7,5.51905e-5
1.6,17735.5,5.47731e-5
1.61,17618.1,5.43589e-5
1.62,17501.4,5.39487e-5
1.63,17385.6,5.35433e-5
1.64,17270.5,5.31434e-5
1.65,17156.1,5.27495e-5
1.66,17042.5,5.23619e-5
1.67,16929.7,5.19808e-5
1.68,16817.7,5.16063e-5
1.69,16706.4,5.12385e-5
1.7,16595.8,5.08772e-5
1.71,16486,5.05224e-5
1.72,16377,5.01737e-5
1.73,16268.6,4.98309e-5
1.74,16161,4.94936e-5
1.75,16054.1,4.91615e-5
1.76,15947.9,4.88343e-5
1.77,15842.5,4.85116e-5
1.78,15737.7,4.81929e-5
1.79,15633.6,4.78779e-5
1.8,15530.2,4.75662e-5
1.81,15427.4,4.72576e-5
1.82,15325.4,4.69515e-5
1.83,15224,4.66479e-5
1.84,15123.3,4.63462e-5
1.85,15023.2,4.60464e-5
1.86,14923.8,4.57482e-5
1.87,14825.1,4.54514e-5
1.88,14727,4.51559e-5
1.89,14629.5,4.48614e-5
1.9,14532.7,4.4568e-5
1.91,14436.5,4.42756e-5
1.92,14341,4.39841e-5
1.93,14246.1,4.36935e-5
1.94,14151.8,4.34039e-5
1.95,14058.1,4.31152e-5
1.96,13965.1,4.28276e-5
1.97,13872.6,4.25411e-5
1.98,13780.8,4.22558e-5
1.99,13689.6,4.19717e-5
2,13599,4.16891e-5
2.01,13509,4.14079e-5
2.02,13419.6,4.11284e-5
2.03,13330.8,4.08505e-5
2.04,13242.6,4.05744e-5
2.05,13155,4.03001e-5
2.06,13067.9,4.00278e-5
2.07,12981.5,3.97576e-5
2.08,12895.6,3.94894e-5
2.09,12810.3,3.92233e-5
2.1,12725.6,3.89593e-5
2.11,12641.4,3.86975e-5
2.12,12557.8,3.84379e-5
2.13,12474.8,3.81805e-5
2.14,12392.3,3.79253e-5
2.15,12313.6,3.77192e-5
2.16,12276.6,3.83565e-5
2.17,12370.8,4.24286e-5
2.18,12668.3,5.31702e-5
2.19,13163.3,7.20097e-5
2.2,13781.5,9.74405e-5
2.21,14428,0.000125822
2.22,15026.4,0.000153008
2.23,15533.9,0.000175658
2.24,15940.9,0.000191895
2.25,16259.3,0.00020131
2.26,16507.7,0.000204502
2.27,16700.8,0.000202537
2.28,16845.8,0.000196543
2.29,16944,0.00018752
2.3,16993.5,0.000176307
2.31,16993.3,0.000163612
2.32,16944.7,0.000150056
2.33,16852.1,0.000136194
2.34,16723.1,0.000122515
2.35,16567.1,0.000109443
2.36,16394.9,9.73244e-5
2.37,16217.3,8.64271e-5
2.38,16043.9,7.69381e-5
2.39,15882.6,6.89617e-5
2.4,15739.2,6.25211e-5
2.41,15617,5.75632e-5
2.42,15517.3,5.39686e-5
2.43,15439.3,5.15661e-5
2.44,15380.9,5.01503e-5
2.45,15339,4.95005e-5
2.46,15309.9,4.93989e-5
2.47,15289.9,4.96454e-5
2.48,15275.2,5.00684e-5
2.49,15262.5,5.0532e-5
2.5,15248.8,5.09377e-5
2.51,15231.5,5.12241e-5
2.52,15208.9,5.13624e-5
2.53,15179.5,5.13513e-5
2.54,15142.6,5.12108e-5
2.55,15097.7,5.09747e-5
2.56,15045.2,5.06853e-5
2.57,14985.3,5.0387e-5
2.58,14919.1,5.01218e-5
2.59,14847.5,4.99256e-5
2.6,14771.7,4.98257e-5
2.61,14693,4.98389e-5
2.62,14612.5,4.99713e-5
2.63,14531.2,5.02181e-5
2.64,14450.1,5.05648e-5
2.65,14369.9,5.09889e-5
2.66,14291.2,5.14616e-5
2.67,14214.1,5.19501e-5
2.68,14138.9,5.24201e-5
2.69,14065.5,5.28377e-5
2.7,13993.7,5.31717e-5
2.71,13923.1,5.33953e-5
2.72,13853.5,5.34872e-5
2.73,13784.4,5.34328e-5
2.74,13715.5,5.32245e-5
2.75,13646.3,5.28615e-5
2.76,13576.5,5.23499e-5
2.77,13506,5.17015e-5
2.78,13434.4,5.0933e-5
2.79,13361.8,5.00652e-5
2.8,13288,4.91211e-5
2.81,13213.2,4.81253e-5
2.82,13137.5,4.71023e-5
2.83,13061,4.6076e-5
2.84,12983.8,4.50679e-5
2.85,12906.4,4.40974e-5
2.86,12828.7,4.31805e-5
2.87,12751.2,4.23296e-5
2.88,12673.9,4.15538e-5
2.89,12597,4.08583e-5
2.9,12520.8,4.02451e-5
2.91,12445.2,3.97131e-5
2.92,12370.4,3.92587e-5
2.93,12296.3,3.8876e-5
2.94,12223.1,3.85577e-5
2.95,12150.6,3.82952e-5
2.96,12078.9,3.80794e-5
2.97,12007.8,3.79012e-5
2.98,11937.3,3.77514e-5
2.99,11867.2,3.76218e-5
3,11797.6,3.75045e-5
3.01,11728.2,3.7393e-5
3.02,11659.1,3.72816e-5
3.03,11590.2,3.71658e-5
3.04,11521.5,3.70419e-5
3.05,11452.8,3.69077e-5
3.06,11384.2,3.67613e-5
3.07,11315.6,3.66021e-5
3.08,11247.2,3.64297e-5
3.09,11178.8,3.62444e-5
3.1,11110.5,3.60469e-5
3.11,11042.4,3.58381e-5
3.12,10974.6,3.56214e-5
3.13,10920.6,3.56309e-5
3.14,10951.5,3.75637e-5
3.15,11173.9,4.49966e-5
3.16,11644.4,6.12318e-5
3.17,12331.5,8.69267e-5
3.18,13144.7,0.000119628
3.19,13983.1,0.000155004
3.2,14767.7,0.000188486
3.21,15449.7,0.000216406
3.22,16008.9,0.000236489
3.23,16448.9,0.000247947
3.24,16786.6,0.000251223
3.25,17040.1,0.000247513
3.26,17222.3,0.000238299
3.27,17339.2,0.000225021
3.28,17392.3,0.000208939
3.29,17382.5,0.000191105
3.3,17312.4,0.000172397
3.31,17188.3,0.000153559
3.32,17020,0.000135224
3.33,16820,0.000117926
3.34,16602.3,0.000102095
3.35,16380.6,8.80556e-5
3.36,16167.6,7.60207e-5
3.37,15973.2,6.60931e-5
3.38,15804.5,5.82683e-5
3.39,15665.8,5.24439e-5
3.4,15558,4.84345e-5
3.41,15479.9,4.59916e-5
3.42,15428.4,4.48269e-5
3.43,15398.9,4.46369e-5
3.44,15386.4,4.5126e-5
3.45,15385.6,4.6025e-5
3.46,15391.3,4.7106e-5
3.47,15399,4.81898e-5
3.48,15404.7,4.91491e-5
3.49,15405.2,4.99067e-5
3.5,15397.8,5.04295e-5
3.51,15381.1,5.07212e-5
3.52,15353.9,5.08134e-5
3.53,15316,5.0756e-5
3.54,15267.7,5.06089e-5
3.55,15209.8,5.04343e-5
3.56,15143.6,5.02901e-5
3.57,15070.5,5.02253e-5
3.58,14992.1,5.02766e-5
3.59,14910,5.04665e-5
3.6,14825.9,5.08023e-5
3.61,14741.1,5.12771e-5
3.62,14656.8,5.18713e-5
3.63,14574,5.25543e-5
3.64,14493.3,5.32878e-5
3.65,14415,5.40286e-5
3.66,14339.3,5.47317e-5
3.67,14266,5.53536e-5
3.68,14194.9,5.58543e-5
3.69,14125.4,5.62002e-5
3.7,14057.2,5.63653e-5
3.71,13989.6,5.63325e-5
3.72,13922,5.60943e-5
3.73,13854.1,5.56519e-5
3.74,13785.3,5.50157e-5
3.75,13715.4,5.42033e-5
3.76,13644.1,5.32387e-5
3.77,13571.3,5.21505e-5
3.78,13497,5.09704e-5
3.79,13421.2,4.97314e-5
3.8,13344.2,4.84662e-5
3.81,13266.2,4.7206e-5
3.82,13187.3,4.59791e-5
3.83,13108,4.481e-5
3.84,13028.5,4.37188e-5
3.85,12949,4.27208e-5
3.86,12869.9,4.18265e-5
3.87,12791.4,4.10415e-5
3.88,12713.6,4.0367e-5
3.89,12636.7,3.98002e-5
3.9,12560.8,3.9335e-5
3.91,12485.9,3.89626e-5
3.92,12411.9,3.86724e-5
3.93,12338.8,3.84521e-5
3.94,12266.6,3.82894e-5
3.95,12195.2,3.81715e-5
3.96,12124.4,3.80863e-5
3.97,12054.1,3.80225e-5
3.98,11984.3,3.79702e-5
3.99,11914.7,3.79206e-5
4,11845.3,3.78666e-5
4.01,11776.1,3.78025e-5
4.02,11706.9,3.7724e-5
4.03,11637.7,3.76283e-5
4.04,11568.5,3.75136e-5
4.05,11499.3,3.73792e-5
4.06,11430.1,3.72253e-5
4.07,11360.8,3.70526e-5
4.08,11291.6,3.68622e-5
4.09,11222.5,3.66557e-5
4.1,11153.5,3.64347e-5
4.11,11084.7,3.62009e-5
4.12,11018.3,3.59869e-5
4.13,10990,3.65094e-5
4.14,11101.1,4.05502e-5
4.15,11452.2,5.21497e-5
4.16,12064.7,7.38491e-5
4.17,12874.5,0.000104937
4.18,13777.7,0.000141841
4.19,14675.6,0.000179742
4.2,15497.4,0.000214105
4.21,16201.9,0.000241563
4.22,16774.1,0.0002602
4.23,17220.1,0.000269547
4.24,17557.3,0.000270296
4.25,17804,0.000263833
4.26,17972.7,0.000251789
4.27,18069.6,0.000235726
4.28,18097.2,0.000217002
4.29,18057.3,0.000196742
4.3,17954.6,0.000175879
4.31,17797,0.000155192
4.32,17596.5,0.000135336
4.33,17367.3,0.000116852
4.34,17124.7,0.000100165
4.35,16883.4,8.55826e-5
4.36,16656.3,7.32882e-5
4.37,16453.3,6.33451e-5
4.38,16281,5.57021e-5
4.39,16142.7,5.02058e-5
4.4,16038.6,4.66202e-5
4.41,15966.6,4.46495e-5
4.42,15922.3,4.39647e-5
4.43,15900.7,4.42298e-5
4.44,15895.9,4.51258e-5
4.45,15902,4.63696e-5
4.46,15913.6,4.7727e-5
4.47,15925.7,4.90202e-5
4.48,15934.2,5.01283e-5
4.49,15935.7,5.09841e-5
4.5,15928,5.1567e-5
4.51,15909.3,5.18936e-5
4.52,15878.9,5.20077e-5
4.53,15836.7,5.19703e-5
4.54,15783.4,5.185e-5
4.55,15720,5.17155e-5
4.56,15648,5.16286e-5
4.57,15569.1,5.16398e-5
4.58,15485,5.17846e-5
4.59,15397.6,5.20826e-5
4.6,15308.6,5.25368e-5
4.61,15219.4,5.31349e-5
4.62,15131.2,5.38509e-5
4.63,15045.1,5.46482e-5
4.64,14961.4,5.54826e-5
4.65,14880.6,5.6306e-5
4.66,14802.7,5.70692e-5
4.67,14727.3,5.77257e-5
4.68,14654.3,5.8234e-5
4.69,14582.9,5.85604e-5
4.7,14512.6,5.868e-5
4.71,14442.9,5.85779e-5
4.72,14373.1,5.82497e-5
4.73,14302.6,5.77006e-5
4.74,14231.2,5.69454e-5
4.75,14158.3,5.60062e-5
4.76,14083.9,5.49118e-5
4.77,14007.9,5.3695e-5
4.78,13930.2,5.23916e-5
4.79,13851,5.1038e-5
4.8,13770.5,4.96697e-5
4.81,13688.9,4.832e-5
4.82,13606.7,4.70183e-5
4.83,13524,4.57899e-5
4.84,13441.2,4.46549e-5
4.85,13358.6,4.3628e-5
4.86,13276.5,4.27184e-5
4.87,13195,4.19304e-5
4.88,13114.5,4.12634e-5
4.89,13035,4.07127e-5
4.9,12956.5,4.02702e-5
4.91,12879.2,3.99252e-5
4.92,12802.9,3.96651e-5
4.93,12727.5,3.94763e-5
4.94,12653.1,3.93447e-5
4.95,12579.4,3.92564e-5
4.96,12506.4,3.91985e-5
4.97,12433.9,3.91589e-5
4.98,12361.8,3.91271e-5
4.99,12290,3.90942e-5
5,12218.3,3.9053e-5
5.01,12146.7,3.89978e-5
5.02,12075.1,3.89246e-5
5.03,12003.5,3.88308e-5
5.04,11931.9,3.8715e-5
5.05,11860.2,3.85769e-5
5.06,11788.5,3.8417e-5
5.07,11716.9,3.82364e-5
5.08,11645.2,3.80366e-5
5.09,11573.7,3.78194e-5
5.1,11502.2,3.75867e-5
5.11,11431,3.73405e-5
5.12,11361.5,3.71033e-5
5.13,11325,3.74838e-5
5.14,11420,4.11184e-5
5.15,11752.8,5.2108e-5
5.16,12352.8,7.32545e-5
5.17,13160.3,0.000104109
5.18,14070.7,0.000141216
5.19,14982.5,0.000179712
5.2,15821,0.000214931
5.21,16542.7,0.00024335
5.22,17130.4,0.000262917
5.23,17588.9,0.00027305
5.24,17935.5,0.000274375
5.25,18188.9,0.000268264
5.26,18362.4,0.000256365
5.27,18462.9,0.000240281
5.28,18493.1,0.00022141
5.29,18454.9,0.000200914
5.3,18352.6,0.000179752
5.31,18194.2,0.000158725
5.32,17991.3,0.000138505
5.33,17758.3,0.000119648
5.34,17510.8,0.000102593
5.35,17263.6,8.76585e-5
5.36,17030.1,7.50391e-5
5.37,16820.4,6.48068e-5
5.38,16641.6,5.69165e-5
5.39,16497.3,5.12192e-5
5.4,16387.9,4.74797e-5
5.41,16311.2,4.5401e-5
5.42,16263.2,4.46503e-5
5.43,16238.5,4.4886e-5
5.44,16231.4,4.57821e-5
5.45,16235.8,4.70478e-5
5.46,16246.1,4.84417e-5
5.47,16257.3,4.9779e-5
5.48,16265.1,5.09328e-5
5.49,16266.1,5.18315e-5
5.5,16257.8,5.24511e-5
5.51,16238.5,5.28063e-5
5.52,16207.4,5.29402e-5
5.53,16164.3,5.29138e-5
5.54,16109.9,5.2797e-5
5.55,16045.2,5.26597e-5
5.56,15971.6,5.25656e-5
5.57,15890.8,5.2567e-5
5.58,15804.8,5.27013e-5
5.59,15715.3,5.29898e-5
5.6,15624,5.34368e-5
5.61,15532.5,5.40308e-5
5.62,15442,5.47467e-5
5.63,15353.5,5.55479e-5
5.64,15267.5,5.63903e-5
5.65,15184.4,5.72249e-5
5.66,15104.3,5.80022e-5
5.67,15026.8,5.86746e-5
5.68,14951.7,5.91997e-5
5.69,14878.3,5.95425e-5
5.7,14806.2,5.96772e-5
5.71,14734.6,5.9588e-5
5.72,14663,5.92696e-5
5.73,14590.9,5.87269e-5
5.74,14517.7,5.79738e-5
5.75,14443.2,5.70326e-5
5.76,14367.1,5.5932e-5
5.77,14289.3,5.4705e-5
5.78,14209.9,5.33878e-5
5.79,14129,5.20173e-5
5.8,14046.7,5.06296e-5
5.81,13963.4,4.92586e-5
5.82,13879.3,4.79346e-5
5.83,13794.7,4.66833e-5
5.84,13710.1,4.55257e-5
5.85,13625.6,4.44768e-5
5.86,13541.7,4.35465e-5
5.87,13458.4,4.27394e-5
5.88,13376,4.20552e-5
5.89,13294.7,4.14893e-5
5.9,13214.4,4.10338e-5
5.91,13135.3,4.06779e-5
5.92,13057.2,4.04089e-5
5.93,12980.1,4.02131e-5
5.94,12904,4.00762e-5
5.95,12828.7,3.99841e-5
5.96,12754,3.99234e-5
5.97,12679.9,3.9882e-5
5.98,12606.1,3.98491e-5
5.99,12532.7,3.98155e-5
6,12459.5,3.97738e-5
6.01,12386.3,3.97181e-5
6.02,12313.2,3.96443e-5
6.03,12240.1,3.95497e-5
6.04,12166.9,3.94328e-5
6.05,12093.7,3.92932e-5
6.06,12020.5,3.91314e-5
6.07,11947.3,3.89484e-5
6.08,11874.1,3.87459e-5
6.09,11801,3.85255e-5
6.1,11728.1,3.82894e-5
6.11,11655.3,3.80394e-5
6.12,11583.8,3.77914e-5
6.13,11540.9,3.80626e-5
6.14,11621.6,4.1337e-5
6.15,11936,5.17266e-5
6.16,12520.6,7.22397e-5
6.17,13320.3,0.000102669
6.18,14230.9,0.000139693
6.19,15148.5,0.000178447
6.2,15996.1,0.000214176
6.21,16727.7,0.000243245
6.22,17324.9,0.000263493
6.23,17791.3,0.000274247
6.24,18144.1,0.00027608
6.25,18402.2,0.00027034
6.26,18579.6,0.000258682
6.27,18683.4,0.000242728
6.28,18716.6,0.000223895
6.29,18681,0.000203368
6.3,18580.6,0.000182119
6.31,18423.3,0.000160963
6.32,18220.5,0.000140582
6.33,17986.6,0.000121541
6.34,17737,0.000104287
6.35,17487,8.91488e-5
6.36,17250,7.6329e-5
6.37,17036.4,6.59071e-5
6.38,16853.6,5.78448e-5
6.39,16705.3,5.1998e-5
6.4,16592.2,4.81351e-5
6.41,16512.1,4.59605e-5
6.42,16461.2,4.51412e-5
6.43,16434.2,4.53335e-5
6.44,16425.1,4.6208e-5
6.45,16428.1,4.74699e-5
6.46,16437.3,4.88731e-5
6.47,16447.7,5.02281e-5
6.48,16454.9,5.14041e-5
6.49,16455.5,5.23258e-5
6.5,16446.8,5.29665e-5
6.51,16427.2,5.33389e-5
6.52,16395.8,5.34849e-5
6.53,16352.4,5.34652e-5
6.54,16297.5,5.33498e-5
6.55,16232.1,5.32091e-5
6.56,16157.8,5.3108e-5
6.57,16076.2,5.30997e-5
6.58,15989.1,5.3223e-5
6.59,15898.5,5.35003e-5
6.6,15806,5.3937e-5
6.61,15713.2,5.45227e-5
6.62,15621.4,5.52326e-5
6.63,15531.5,5.60309e-5
6.64,15444.1,5.68736e-5
6.65,15359.7,5.77117e-5
6.66,15278.2,5.84953e-5
6.67,15199.4,5.91764e-5
6.68,15123,5.97121e-5
6.69,15048.5,6.00666e-5
6.7,14975.2,6.02136e-5
6.71,14902.6,6.01363e-5
6.72,14830,5.98289e-5
6.73,14756.8,5.92955e-5
6.74,14682.6,5.85498e-5
6.75,14607.2,5.76137e-5
6.76,14530.1,5.65154e-5
6.77,14451.4,5.52882e-5
6.78,14371.1,5.39681e-5
6.79,14289.1,5.25922e-5
6.8,14205.9,5.11969e-5
6.81,14121.5,4.98165e-5
6.82,14036.4,4.84815e-5
6.83,13950.9,4.72182e-5
6.84,13865.2,4.60479e-5
6.85,13779.7,4.49861e-5
6.86,13694.6,4.4043e-5
6.87,13610.3,4.32234e-5
6.88,13526.9,4.25275e-5
6.89,13444.4,4.19509e-5
6.9,13363.1,4.14856e-5
6.91,13282.9,4.11212e-5
6.92,13203.8,4.08449e-5
6.93,13125.7,4.06429e-5
6.94,13048.6,4.0501e-5
6.95,12972.3,4.04048e-5
6.96,12896.7,4.0341e-5
6.97,12821.6,4.02973e-5
6.98,12746.9,4.02626e-5
6.99,12672.6,4.02277e-5
7,12598.4,4.0185e-5
7.01,12524.3,4.01287e-5
7.02,12450.3,4.00543e-5
7.03,12376.3,3.9959e-5
7.04,12302.3,3.98415e-5
7.05,12228.2,3.97011e-5
7.06,12154.1,3.95383e-5
7.07,12080,3.93543e-5
7.08,12006,3.91504e-5
7.09,11932,3.89287e-5
7.1,11858.2,3.86908e-5
7.11,11784.6,3.8439e-5
7.12,11712,3.81853e-5
7.13,11664.7,3.83822e-5
7.14,11734.6,4.13858e-5
7.15,12033.9,5.12899e-5
7.16,12604.5,7.12444e-5
7.17,13395.2,0.00010123
7.18,14302.5,0.000138049
7.19,15221.3,0.000176853
7.2,16072.7,0.00021284
7.21,16809.3,0.000242297
7.22,17411.5,0.000262986
7.23,17882.4,0.000274175
7.24,18238.8,0.000276392
7.25,18499.9,0.000270966
7.26,18680,0.00025955
7.27,18786.5,0.00024377
7.28,18822.3,0.000225055
7.29,18789.2,0.000204595
7.3,18691.1,0.000183373
7.31,18535.6,0.000162208
7.32,18334.1,0.000141788
7.33,18100.6,0.000122682
7.34,17850.8,0.000105343
7.35,17599.9,9.01064e-5
7.36,17361.3,7.71795e-5
7.37,17145.8,6.66482e-5
7.38,16960.7,5.84795e-5
7.39,16810.1,5.25342e-5
7.4,16694.7,4.85845e-5
7.41,16612.5,4.63373e-5
7.42,16559.7,4.54608e-5
7.43,16531,4.56114e-5
7.44,16520.5,4.64586e-5
7.45,16522.3,4.77058e-5
7.46,16530.7,4.91043e-5
7.47,16540.4,5.0462e-5
7.48,16547.2,5.16456e-5
7.49,16547.5,5.25771e-5
7.5,16538.7,5.3228e-5
7.51,16518.9,5.36092e-5
7.52,16487.4,5.37616e-5
7.53,16443.9,5.37453e-5
7.54,16388.9,5.36298e-5
7.55,16323.4,5.3486e-5
7.56,16248.9,5.33788e-5
7.57,16166.9,5.33623e-5
7.58,16079.5,5.3476e-5
7.59,15988.4,5.3743e-5
7.6,15895.4,5.41696e-5
7.61,15802,5.47459e-5
7.62,15709.5,5.54481e-5
7.63,15618.9,5.62406e-5
7.64,15530.9,5.70797e-5
7.65,15445.7,5.79168e-5
7.66,15363.5,5.87018e-5
7.67,15284.1,5.93866e-5
7.68,15207.1,5.9928e-5
7.69,15131.9,6.029e-5
7.7,15058,6.04455e-5
7.71,14984.8,6.03775e-5
7.72,14911.7,6.00795e-5
7.73,14838,5.95554e-5
7.74,14763.4,5.88181e-5
7.75,14687.4,5.78893e-5
7.76,14609.9,5.67971e-5
7.77,14530.8,5.55742e-5
7.78,14450,5.42568e-5
7.79,14367.6,5.28819e-5
7.8,14283.9,5.14859e-5
7.81,14199.1,5.01031e-5
7.82,14113.5,4.87644e-5
7.83,14027.5,4.74963e-5
7.84,13941.3,4.63201e-5
7.85,13855.3,4.52518e-5
7.86,13769.7,4.43018e-5
7.87,13684.9,4.34752e-5
7.88,13600.9,4.27722e-5
7.89,13518,4.21888e-5
7.9,13436.1,4.17171e-5
7.91,13355.4,4.13467e-5
7.92,13275.8,4.10651e-5
7.93,13197.2,4.08584e-5
7.94,13119.5,4.07124e-5
7.95,13042.7,4.06128e-5
7.96,12966.6,4.05462e-5
7.97,12891.1,4.05002e-5
7.98,12815.9,4.04638e-5
7.99,12741.1,4.04275e-5
8,12666.5,4.03838e-5
8.01,12592,4.03267e-5
8.02,12517.5,4.02517e-5
8.03,12443.1,4.01561e-5
8.04,12368.6,4.00382e-5
8.05,12294.1,3.98975e-5
8.06,12219.6,3.97344e-5
8.07,12145.1,3.95499e-5
8.08,12070.6,3.93457e-5
8.09,11996.2,3.91234e-5
8.1,11922,3.8885e-5
8.11,11847.9,3.86325e-5
8.12,11774.8,3.83762e-5
8.13,11725.1,3.8533e-5
8.14,11788.9,4.13825e-5
8.15,12079.3,5.1001e-5
8.16,12641.2,7.06149e-5
8.17,13425.9,0.000100316
8.18,14330.5,0.000136978
8.19,15249.1,0.000175775
8.2,16101.9,0.000211876
8.21,16840.7,0.000241527
8.22,17445.3,0.000262452
8.23,17918.3,0.00027388
8.24,18276.5,0.000276318
8.25,18539.2,0.000271082
8.26,18720.8,0.000259821
8.27,18828.9,0.000244161
8.28,18866.3,0.000225536
8.29,18834.8,0.000205139
8.3,18738.3,0.000183956
8.31,18584.1,0.000162809
8.32,18383.5,0.000142387
8.33,18150.7,0.000123263
8.34,17901.1,0.000105893
8.35,17649.9,9.06132e-5
8.36,17410.7,7.76363e-5
8.37,17194.4,6.70507e-5
8.38,17008.3,5.88269e-5
8.39,16856.5,5.28286e-5
8.4,16739.9,4.88304e-5
8.41,16656.6,4.65412e-5
8.42,16602.7,4.56304e-5
8.43,16573.1,4.57546e-5
8.44,16561.8,4.65833e-5
8.45,16563,4.78188e-5
8.46,16570.8,4.92116e-5
8.47,16580.2,5.05681e-5
8.48,16586.7,5.17536e-5
8.49,16586.9,5.26889e-5
8.5,16577.9,5.3344e-5
8.51,16558.2,5.37293e-5
8.52,16526.7,5.38847e-5
8.53,16483.2,5.38698e-5
8.54,16428.2,5.37541e-5
8.55,16362.7,5.36083e-5
8.56,16288.1,5.34976e-5
8.57,16206.1,5.34762e-5
8.58,16118.6,5.35841e-5
8.59,16027.3,5.38447e-5
8.6,15934.1,5.42648e-5
8.61,15840.5,5.48351e-5
8.62,15747.7,5.5532e-5
8.63,15656.8,5.63202e-5
8.64,15568.4,5.71564e-5
8.65,15483,5.7992e-5
8.66,15400.4,5.87769e-5
8.67,15320.7,5.94632e-5
8.68,15243.3,6.00073e-5
8.69,15167.9,6.03731e-5
8.7,15093.8,6.05334e-5
8.71,15020.3,6.04708e-5
8.72,14946.9,6.01786e-5
8.73,14873,5.96602e-5
8.74,14798.2,5.89286e-5
8.75,14722,5.80049e-5
8.76,14644.4,5.69171e-5
8.77,14565,5.5698e-5
8.78,14484,5.43834e-5
8.79,14401.5,5.30103e-5
8.8,14317.6,5.16151e-5
8.81,14232.6,5.02323e-5
8.82,14146.9,4.88927e-5
8.83,14060.6,4.76228e-5
8.84,13974.2,4.64443e-5
8.85,13888,4.53731e-5
8.86,13802.2,4.44199e-5
8.87,13717.1,4.35898e-5
8.88,13632.9,4.28832e-5
8.89,13549.8,4.22962e-5
8.9,13467.7,4.1821e-5
8.91,13386.7,4.14474e-5
8.92,13306.9,4.11627e-5
8.93,13228.1,4.09533e-5
8.94,13150.2,4.08049e-5
8.95,13073.2,4.07033e-5
8.96,12996.8,4.0635e-5
8.97,12921.1,4.05875e-5
8.98,12845.7,4.055e-5
8.99,12770.7,4.05129e-5
9,12695.9,4.04685e-5
9.01,12621.2,4.04109e-5
9.02,12546.6,4.03356e-5
9.03,12471.9,4.02397e-5
9.04,12397.3,4.01216e-5
9.05,12322.6,3.99808e-5
9.06,12247.9,3.98176e-5
9.07,12173.2,3.96331e-5
9.08,12098.5,3.94287e-5
9.09,12024,3.92063e-5
9.1,11949.6,3.89678e-5
9.11,11875.3,3.87152e-5
9.12,11801.9,3.84579e-5
9.13,11751.1,3.85952e-5
9.14,11811.8,4.13667e-5
9.15,12097.5,5.08365e-5
9.16,12654.8,7.0268e-5
9.17,13436,9.98092e-5
9.18,14338.7,0.000136375
9.19,15256.9,0.000175149
9.2,16110.1,0.000211292
9.21,16849.7,0.00024103
9.22,17455.1,0.000262064
9.23,17928.9,0.000273609
9.24,18287.9,0.000276156
9.25,18551.3,0.000271017
9.26,18733.6,0.000259838
9.27,18842.4,0.000244247
9.28,18880.6,0.000225677
9.29,18850,0.000205323
9.3,18754.3,0.000184172
9.31,18600.9,0.000163045
9.32,18401,0.000142633
9.33,18168.6,0.000123511
9.34,17919.2,0.000106134
9.35,17668.1,9.08409e-5
9.36,17428.7,7.78455e-5
9.37,17212.1,6.72379e-5
9.38,17025.6,5.89903e-5
9.39,16873.3,5.2968e-5
9.4,16756.2,4.89471e-5
9.41,16672.4,4.66375e-5
9.42,16618,4.57093e-5
9.43,16587.9,4.58196e-5
9.44,16576.3,4.66378e-5
9.45,16577.1,4.78663e-5
9.46,16584.7,4.92548e-5
9.47,16593.9,5.06094e-5
9.48,16600.3,5.17946e-5
9.49,16600.3,5.27307e-5
9.5,16591.4,5.33872e-5
9.51,16571.6,5.37738e-5
9.52,16540.1,5.39303e-5
9.53,16496.6,5.39158e-5
9.54,16441.7,5.37997e-5
9.55,16376.2,5.36528e-5
9.56,16301.6,5.35401e-5
9.57,16219.6,5.35161e-5
9.58,16132.1,5.36208e-5
9.59,16040.8,5.3878e-5
9.6,15947.5,5.42946e-5
9.61,15853.8,5.48614e-5
9.62,15761,5.55551e-5
9.63,15670,5.63408e-5
9.64,15581.5,5.7175e-5
9.65,15495.9,5.80093e-5
9.66,15413.2,5.87937e-5
9.67,15333.4,5.94803e-5
9.68,15255.9,6.00255e-5
9.69,15180.3,6.0393e-5
9.7,15106.1,6.05555e-5
9.71,15032.5,6.04956e-5
9.72,14959,6.02064e-5
9.73,14885.1,5.96912e-5
9.74,14810.2,5.89627e-5
9.75,14734,5.8042e-5
9.76,14656.2,5.6957e-5
9.77,14576.9,5.57403e-5
9.78,14495.8,5.44277e-5
9.79,14413.2,5.30562e-5
9.8,14329.3,5.16621e-5
9.81,14244.2,5.02799e-5
9.82,14158.4,4.89404e-5
9.83,14072.1,4.76703e-5
9.84,13985.6,4.64911e-5
9.85,13899.3,4.5419e-5
9.86,13813.5,4.44645e-5
9.87,13728.3,4.3633e-5
9.88,13644.1,4.29249e-5
9.89,13560.8,4.23362e-5
9.9,13478.6,4.18595e-5
9.91,13397.6,4.14843e-5
9.92,13317.7,4.11982e-5
9.93,13238.8,4.09874e-5
9.94,13160.8,4.08378e-5
9.95,13083.7,4.07351e-5
9.96,13007.3,4.06658e-5
9.97,12931.4,4.06176e-5
9.98,12856,4.05795e-5
9.99,12780.9,4.05419e-5
10,12706.1,4.04971e-5
10.01,12631.3,4.04392e-5
10.02,12556.6,4.03637e-5
10.03,12481.9,4.02677e-5
10.04,12407.2,4.01496e-5
10.05,12332.4,4.00087e-5
10.06,12257.6,3.98455e-5
10.07,12182.9,3.9661e-5
10.08,12108.2,3.94566e-5
10.09,12033.6,3.92342e-5
10.1,11959.1,3.89957e-5
10.11,11884.8,3.87431e-5
10.12,11811.3,3.84854e-5
10.13,11760,3.8614e-5
10.14,11819.3,4.13492e-5
10.15,12102.7,5.0748e-5
10.16,12657.7,7.00899e-5
10.17,13437.1,9.95493e-5
10.18,14338.8,0.000136061
10.19,15256.5,0.000174815
10.2,16109.6,0.000210969
10.21,16849.4,0.00024074
10.22,17455.1,0.000261819
10.23,17929.2,0.000273415
10.24,18288.5,0.000276014
10.25,18552.2,0.000270923
10.26,18734.8,0.000259787
10.27,18844,0.000244234
10.28,18882.6,0.000225697
10.29,18852.5,0.000205369
10.3,18757.3,0.000184239
10.31,18604.3,0.000163127
10.32,18404.7,0.000142726
10.33,18172.6,0.000123608
10.34,17923.4,0.000106233
10.35,17672.4,9.09367e-5
10.36,17433.1,7.79353e-5
10.37,17216.4,6.73195e-5
10.38,17029.7,5.90621e-5
10.39,16877.3,5.30293e-5
10.4,16759.9,4.8998e-5
10.41,16675.9,4.66787e-5
10.42,16621.3,4.57418e-5
10.43,16591,4.58448e-5
10.44,16579.2,4.66574e-5
10.45,16579.9,4.78816e-5
10.46,16587.4,4.92673e-5
10.47,16596.5,5.06203e-5
10.48,16602.8,5.18048e-5
10.49,16602.8,5.27408e-5
10.5,16593.9,5.33976e-5
10.51,16574.1,5.37846e-5
10.52,16542.6,5.39414e-5
10.53,16499.2,5.3927e-5
10.54,16444.3,5.38108e-5
10.55,16378.8,5.36632e-5
10.56,16304.3,5.35496e-5
10.57,16222.3,5.35243e-5
10.58,16134.8,5.36275e-5
10.59,16043.5,5.3883e-5
10.6,15950.2,5.42977e-5
10.61,15856.5,5.48628e-5
10.62,15763.7,5.55549e-5
10.63,15672.6,5.63391e-5
10.64,15584.1,5.71721e-5
10.65,15498.5,5.80056e-5
10.66,15415.8,5.87896e-5
10.67,15335.9,5.94761e-5
10.68,15258.4,6.00217e-5
10.69,15182.8,6.03899e-5
10.7,15108.6,6.05535e-5
10.71,15035,6.04949e-5
10.72,14961.5,6.02072e-5
10.73,14887.5,5.96935e-5
10.74,14812.6,5.89667e-5
10.75,14736.3,5.80477e-5
10.76,14658.6,5.69643e-5
10.77,14579.2,5.57491e-5
10.78,14498.2,5.44377e-5
10.79,14415.6,5.30673e-5
10.8,14331.6,5.1674e-5
10.81,14246.6,5.02924e-5
10.82,14160.7,4.89533e-5
10.83,14074.4,4.76833e-5
10.84,13987.9,4.65041e-5
10.85,13901.6,4.54317e-5
10.86,13815.8,4.44768e-5
10.87,13730.6,4.36448e-5
10.88,13646.3,4.29361e-5
10.89,13563,4.23467e-5
10.9,13480.9,4.18693e-5
10.91,13399.8,4.14934e-5
10.92,13319.8,4.12066e-5
10.93,13240.9,4.09952e-5
10.94,13163,4.0845e-5
10.95,13085.8,4.07418e-5
10.96,13009.4,4.06721e-5
10.97,12933.5,4.06235e-5
10.98,12858.1,4.0585e-5
10.99,12783,4.05472e-5
11,12708.1,4.05023e-5
11.01,12633.3,4.04442e-5
11.02,12558.6,4.03686e-5
11.03,12483.9,4.02726e-5
11.04,12409.1,4.01544e-5
11.05,12334.4,4.00135e-5
11.06,12259.6,3.98503e-5
11.07,12184.8,3.96659e-5
11.08,12110.1,3.94616e-5
11.09,12035.5,3.92392e-5
11.1,11961,3.90008e-5
11.11,11886.7,3.87482e-5
11.12,11813.2,3.84905e-5
11.13,11761.7,3.86162e-5
11.14,11820.5,4.13384e-5
11.15,12103.1,5.07108e-5
11.16,12657.2,7.00186e-5
11.17,13435.9,9.94453e-5
11.18,14337,0.000135933
11.19,15254.5,0.000174676
11.2,16107.5,0.000210828
11.21,16847.2,0.000240607
11.22,17452.9,0.000261699
11.23,17927.1,0.000273311
11.24,18286.3,0.000275926
11.25,18550.1,0.000270851
11.26,18732.8,0.000259731
11.27,18842.1,0.000244193
11.28,18880.9,0.00022567
11.29,18850.9,0.000205355
11.3,18755.9,0.000184235
11.31,18603.1,0.000163132
11.32,18403.6,0.000142738
11.33,18171.7,0.000123626
11.34,17922.6,0.000106254
11.35,17671.7,9.09595e-5
11.36,17432.4,7.79584e-5
11.37,17215.7,6.73416e-5
11.38,17029,5.90824e-5
11.39,16876.6,5.3047e-5
11.4,16759.2,4.90128e-5
11.41,16675.1,4.66905e-5
11.42,16620.4,4.57508e-5
11.43,16590.1,4.58513e-5
11.44,16578.3,4.66616e-5
11.45,16578.9,4.78841e-5
11.46,16586.3,4.92684e-5
11.47,16595.4,5.06204e-5
11.48,16601.7,5.18043e-5
11.49,16601.7,5.27399e-5
11.5,16592.7,5.33965e-5
11.51,16573,5.37834e-5
11.52,16541.5,5.39401e-5
11.53,16498.1,5.39257e-5
11.54,16443.2,5.38092e-5
11.55,16377.8,5.36614e-5
11.56,16303.3,5.35474e-5
11.57,16221.3,5.35216e-5
11.58,16133.8,5.36242e-5
11.59,16042.5,5.3879e-5
11.6,15949.3,5.42931e-5
11.61,15855.6,5.48574e-5
11.62,15762.7,5.55488e-5
11.63,15671.7,5.63324e-5
11.64,15583.2,5.71648e-5
11.65,15497.6,5.79979e-5
11.66,15414.9,5.87816e-5
11.67,15335,5.9468e-5
11.68,15257.5,6.00135e-5
11.69,15181.9,6.0382e-5
11.7,15107.6,6.05458e-5
11.71,15034,6.04876e-5
11.72,14960.5,6.02004e-5
11.73,14886.5,5.96874e-5
11.74,14811.6,5.89613e-5
11.75,14735.4,5.8043e-5
11.76,14657.7,5.69602e-5
11.77,14578.3,5.57457e-5
11.78,14497.3,5.4435e-5
11.79,14414.7,5.30651e-5
11.8,14330.8,5.16723e-5
11.81,14245.7,5.02911e-5
11.82,14159.9,4.89523e-5
11.83,14073.6,4.76826e-5
11.84,13987.1,4.65035e-5
11.85,13900.8,4.54312e-5
11.86,13815,4.44763e-5
11.87,13729.8,4.36442e-5
11.88,13645.5,4.29354e-5
11.89,13562.2,4.23459e-5
11.9,13480.1,4.18683e-5
11.91,13399,4.14922e-5
11.92,13319,4.12052e-5
11.93,13240.1,4.09936e-5
11.94,13162.2,4.08432e-5
11.95,13085,4.07398e-5
11.96,13008.6,4.06699e-5
11.97,12932.8,4.06212e-5
11.98,12857.3,4.05826e-5
11.99,12782.2,4.05446e-5
12,12707.3,4.04996e-5
12.01,12632.6,4.04415e-5
12.02,12557.8,4.03659e-5
12.03,12483.1,4.02698e-5
12.04,12408.4,4.01516e-5
12.05,12333.6,4.00107e-5
12.06,12258.9,3.98476e-5
12.07,12184.1,3.96631e-5
12.08,12109.4,3.94589e-5
12.09,12034.8,3.92366e-5
12.1,11960.3,3.89982e-5
12.11,11886,3.87456e-5
12.12,11812.5,3.8488e-5
12.13,11761.1,3.86142e-5
12.14,11819.8,4.1337e-5
12.15,12102.4,5.0709e-5
12.16,12656.4,7.00143e-5
12.17,13435,9.94369e-5
12.18,14336,0.00013592
12.19,15253.4,0.000174658
12.2,16106.3,0.000210808
12.21,16846,0.000240584
12.22,17451.7,0.000261676
12.23,17925.9,0.000273288
12.24,18285.2,0.000275906
12.25,18548.9,0.000270836
12.26,18731.7,0.00025972
12.27,18841,0.000244185
12.28,18879.9,0.000225665
12.29,18849.9,0.000205353
12.3,18754.9,0.000184235
12.31,18602.2,0.000163134
12.32,18402.8,0.000142741
12.33,18170.9,0.00012363
12.34,17921.8,0.000106258
12.35,17670.9,9.0964e-5
12.36,17431.7,7.79628e-5
12.37,17215,6.73457e-5
12.38,17028.3,5.9086e-5
12.39,16875.9,5.305e-5
12.4,16758.5,4.9015e-5
12.41,16674.4,4.66919e-5
12.42,16619.7,4.57514e-5
12.43,16589.4,4.58512e-5
12.44,16577.5,4.66609e-5
12.45,16578.1,4.78828e-5
12.46,16585.6,4.92667e-5
12.47,16594.6,5.06185e-5
12.48,16600.9,5.18021e-5
12.49,16600.9,5.27377e-5
12.5,16592,5.33942e-5
12.51,16572.2,5.37812e-5
12.52,16540.8,5.39379e-5
12.53,16497.4,5.39235e-5
12.54,16442.5,5.38071e-5
12.55,16377,5.36594e-5
12.56,16302.5,5.35454e-5
12.57,16220.6,5.35196e-5
12.58,16133.1,5.36222e-5
12.59,16041.9,5.3877e-5
12.6,15948.6,5.4291e-5
12.61,15854.9,5.48552e-5
12.62,15762,5.55465e-5
12.63,15671,5.633e-5
12.64,15582.5,5.71623e-5
12.65,15496.9,5.79953e-5
12.66,15414.2,5.8779e-5
12.67,15334.3,5.94653e-5
12.68,15256.8,6.00109e-5
12.69,15181.3,6.03793e-5
12.7,15107,6.05432e-5
12.71,15033.4,6.04851e-5
12.72,14959.9,6.0198e-5
12.73,14885.9,5.96851e-5
12.74,14811,5.89591e-5
12.75,14734.8,5.80409e-5
12.76,14657.1,5.69583e-5
12.77,14577.7,5.57438e-5
12.78,14496.7,5.44332e-5
12.79,14414.1,5.30634e-5
12.8,14330.2,5.16708e-5
12.81,14245.1,5.02897e-5
12.82,14159.3,4.89509e-5
12.83,14073,4.76813e-5
12.84,13986.5,4.65022e-5
12.85,13900.2,4.54299e-5
12.86,13814.4,4.4475e-5
12.87,13729.2,4.36429e-5
12.88,13644.9,4.29341e-5
12.89,13561.7,4.23446e-5
12.9,13479.5,4.18669e-5
12.91,13398.5,4.14908e-5
12.92,13318.5,4.12038e-5
12.93,13239.6,4.09921e-5
12.94,13161.6,4.08417e-5
12.95,13084.5,4.07382e-5
12.96,13008.1,4.06684e-5
12.97,12932.2,4.06196e-5
12.98,12856.8,4.0581e-5
12.99,12781.7,4.0543e-5
13,12706.8,4.0498e-5
13.01,12632.1,4.04399e-5
13.02,12557.3,4.03643e-5
13.03,12482.6,4.02682e-5
13.04,12407.9,4.015e-5
13.05,12333.1,4.00092e-5
13.06,12258.4,3.9846e-5
13.07,12183.6,3.96616e-5
13.08,12108.9,3.94573e-5
13.09,12034.3,3.9235e-5
13.1,11959.8,3.89967e-5
13.11,11885.5,3.87441e-5
13.12,11812,3.84864e-5
13.13,11760.5,3.86113e-5
13.14,11819.1,4.13304e-5
13.15,12101.6,5.06969e-5
13.16,12655.4,6.99965e-5
13.17,13433.9,9.94146e-5
13.18,14334.9,0.000135895
13.19,15252.2,0.000174632
13.2,16105.1,0.000210781
13.21,16844.8,0.000240558
13.22,17450.5,0.000261651
13.23,17924.6,0.000273264
13.24,18283.9,0.000275883
13.25,18547.6,0.000270814
13.26,18730.4,0.0002597
13.27,18839.7,0.000244168
13.28,18878.6,0.00022565
13.29,18848.7,0.00020534
13.3,18753.7,0.000184225
13.31,18601,0.000163126
13.32,18401.6,0.000142735
13.33,18169.7,0.000123625
13.34,17920.7,0.000106255
13.35,17669.8,9.09623e-5
13.36,17430.6,7.79618e-5
13.37,17213.9,6.73452e-5
13.38,17027.3,5.90857e-5
13.39,16874.9,5.30498e-5
13.4,16757.5,4.90148e-5
13.41,16673.4,4.66915e-5
13.42,16618.7,4.57508e-5
13.43,16588.4,4.58503e-5
13.44,16576.5,4.66598e-5
13.45,16577.1,4.78814e-5
13.46,16584.5,4.92651e-5
13.47,16593.6,5.06166e-5
13.48,16599.9,5.18001e-5
13.49,16599.9,5.27355e-5
13.5,16591,5.33919e-5
13.51,16571.2,5.37788e-5
13.52,16539.8,5.39354e-5
13.53,16496.4,5.3921e-5
13.54,16441.5,5.38045e-5
13.55,16376,5.36567e-5
13.56,16301.5,5.35426e-5
13.57,16219.6,5.35167e-5
13.58,16132.1,5.36192e-5
13.59,16040.9,5.38739e-5
13.6,15947.6,5.42878e-5
13.61,15853.9,5.48519e-5
13.62,15761.1,5.55431e-5
13.63,15670.1,5.63264e-5
13.64,15581.6,5.71587e-5
13.65,15496,5.79916e-5
13.66,15413.3,5.87752e-5
13.67,15333.4,5.94615e-5
13.68,15255.9,6.0007e-5
13.69,15180.4,6.03755e-5
13.7,15106.1,6.05394e-5
13.71,15032.5,6.04814e-5
13.72,14959,6.01943e-5
13.73,14885,5.96815e-5
13.74,14810.1,5.89556e-5
13.75,14733.9,5.80375e-5
13.76,14656.2,5.6955e-5
13.77,14576.8,5.57407e-5
13.78,14495.8,5.44303e-5
13.79,14413.3,5.30606e-5
13.8,14329.3,5.16681e-5
13.81,14244.3,5.02871e-5
13.82,14158.5,4.89485e-5
13.83,14072.2,4.76789e-5
13.84,13985.7,4.64999e-5
13.85,13899.4,4.54277e-5
13.86,13813.6,4.44728e-5
13.87,13728.4,4.36408e-5
13.88,13644.1,4.29319e-5
13.89,13560.9,4.23424e-5
13.9,13478.7,4.18648e-5
13.91,13397.7,4.14887e-5
13.92,13317.7,4.12016e-5
13.93,13238.8,4.099e-5
13.94,13160.9,4.08395e-5
13.95,13083.7,4.0736e-5
13.96,13007.3,4.06661e-5
13.97,12931.5,4.06174e-5
13.98,12856.1,4.05787e-5
13.99,12781,4.05407e-5
14,12706.1,4.04957e-5
14.01,12631.3,4.04376e-5
14.02,12556.6,4.0362e-5
14.03,12481.9,4.02659e-5
14.04,12407.2,4.01477e-5
14.05,12332.4,4.00069e-5
14.06,12257.7,3.98437e-5
14.07,12182.9,3.96593e-5
14.08,12108.2,3.94551e-5
14.09,12033.6,3.92328e-5
14.1,11959.1,3.89944e-5
14.11,11884.8,3.87419e-5
14.12,11811.3,3.84843e-5
14.13,11759.9,3.86098e-5
14.14,11818.5,4.13299e-5
14.15,12101,5.06966e-5
14.16,12654.8,6.99951e-5
14.17,13433.2,9.94106e-5
14.18,14334.1,0.000135888
14.19,15251.3,0.000174621
14.2,16104.2,0.000210767
14.21,16843.8,0.000240541
14.22,17449.4,0.000261632
14.23,17923.5,0.000273244
14.24,18282.7,0.000275862
14.25,18546.4,0.000270792
14.26,18729.1,0.000259677
14.27,18838.4,0.000244146
14.28,18877.3,0.000225629
14.29,18847.4,0.00020532
14.3,18752.4,0.000184207
14.31,18599.7,0.000163111
14.32,18400.3,0.000142722
14.33,18168.5,0.000123614
14.34,17919.5,0.000106246
14.35,17668.6,9.09546e-5
14.36,17429.4,7.79557e-5
14.37,17212.7,6.73405e-5
14.38,17026.1,5.90822e-5
14.39,16873.7,5.30472e-5
14.4,16756.4,4.90128e-5
14.41,16672.3,4.669e-5
14.42,16617.6,4.57495e-5
14.43,16587.3,4.58491e-5
14.44,16575.4,4.66585e-5
14.45,16576,4.78801e-5
14.46,16583.5,4.92636e-5
14.47,16592.5,5.06148e-5
14.48,16598.8,5.17981e-5
14.49,16598.8,5.27333e-5
14.5,16589.9,5.33895e-5
14.51,16570.1,5.37762e-5
14.52,16538.7,5.39327e-5
14.53,16495.3,5.39182e-5
14.54,16440.4,5.38017e-5
14.55,16375,5.36538e-5
14.56,16300.5,5.35397e-5
14.57,16218.6,5.35138e-5
14.58,16131.1,5.36163e-5
14.59,16039.8,5.38709e-5
14.6,15946.6,5.42847e-5
14.61,15852.9,5.48488e-5
14.62,15760.1,5.55399e-5
14.63,15669.1,5.63232e-5
14.64,15580.6,5.71554e-5
14.65,15495,5.79882e-5
14.66,15412.3,5.87717e-5
14.67,15332.4,5.94579e-5
14.68,15254.9,6.00033e-5
14.69,15179.4,6.03717e-5
14.7,15105.1,6.05356e-5
14.71,15031.5,6.04775e-5
14.72,14958,6.01904e-5
14.73,14884.1,5.96776e-5
14.74,14809.2,5.89517e-5
14.75,14733,5.80337e-5
14.76,14655.3,5.69513e-5
14.77,14575.9,5.5737e-5
14.78,14494.9,5.44267e-5
14.79,14412.3,5.30571e-5
14.8,14328.4,5.16647e-5
14.81,14243.4,5.02838e-5
14.82,14157.6,4.89453e-5
14.83,14071.3,4.76759e-5
14.84,13984.8,4.6497e-5
14.85,13898.5,4.54249e-5
14.86,13812.7,4.44701e-5
14.87,13727.5,4.36381e-5
14.88,13643.3,4.29294e-5
14.89,13560,4.23399e-5
14.9,13477.9,4.18624e-5
14.91,13396.8,4.14863e-5
14.92,13316.9,4.11992e-5
14.93,13238,4.09876e-5
14.94,13160,4.08371e-5
14.95,13082.9,4.07337e-5
14.96,13006.5,4.06638e-5
14.97,12930.7,4.0615e-5
14.98,12855.2,4.05763e-5
14.99,12780.2,4.05383e-5
15,12705.3,4.04933e-5
15.01,12630.5,4.04352e-5
15.02,12555.8,4.03596e-5
15.03,12481.1,4.02635e-5
15.04,12406.4,4.01453e-5
15.05,12331.6,4.00044e-5
15.06,12256.9,3.98413e-5
15.07,12182.1,3.96569e-5
15.08,12107.4,3.94526e-5
15.09,12032.8,3.92304e-5
15.1,11958.4,3.8992e-5
15.11,11884.1,3.87395e-5
15.12,11810.6,3.84819e-5
15.13,11759.1,3.86077e-5
15.14,11817.9,4.13297e-5
15.15,12100.5,5.07007e-5
15.16,12654.4,7.00047e-5
15.17,13433,9.94253e-5
15.18,14333.9,0.000135906
15.19,15251.2,0.00017464
15.2,16104,0.000210785
15.21,16843.6,0.000240557
15.22,17449.2,0.000261645
15.23,17923.3,0.000273255
15.24,18282.5,0.000275871
15.25,18546.2,0.000270799
15.26,18728.9,0.000259684
15.27,18838.3,0.000244151
15.28,18877.1,0.000225632
15.29,18847.2,0.000205323
15.3,18752.2,0.000184208
15.31,18599.5,0.000163111
15.32,18400.1,0.000142721
15.33,18168.2,0.000123612
15.34,17919.2,0.000106244
15.35,17668.4,9.09522e-5
15.36,17429.2,7.79532e-5
15.37,17212.5,6.73379e-5
15.38,17025.9,5.90797e-5
15.39,16873.5,5.30448e-5
15.4,16756.1,4.90107e-5
15.41,16672,4.6688e-5
15.42,16617.4,4.57478e-5
15.43,16587.1,4.58476e-5
15.44,16575.2,4.66571e-5
15.45,16575.9,4.78788e-5
15.46,16583.3,4.92624e-5
15.47,16592.3,5.06138e-5
15.48,16598.7,5.17971e-5
15.49,16598.7,5.27323e-5
15.5,16589.7,5.33886e-5
15.51,16570,5.37753e-5
15.52,16538.5,5.39318e-5
15.53,16495.1,5.39173e-5
15.54,16440.2,5.38009e-5
15.55,16374.8,5.36531e-5
15.56,16300.3,5.3539e-5
15.57,16218.4,5.35132e-5
15.58,16130.9,5.36158e-5
15.59,16039.7,5.38705e-5
15.6,15946.4,5.42845e-5
15.61,15852.8,5.48487e-5
15.62,15759.9,5.55399e-5
15.63,15668.9,5.63233e-5
15.64,15580.4,5.71555e-5
15.65,15494.8,5.79884e-5
15.66,15412.2,5.8772e-5
15.67,15332.3,5.94582e-5
15.68,15254.8,6.00036e-5
15.69,15179.2,6.0372e-5
15.7,15105,6.05358e-5
15.71,15031.4,6.04777e-5
15.72,14957.9,6.01905e-5
15.73,14883.9,5.96776e-5
15.74,14809,5.89517e-5
15.75,14732.9,5.80336e-5
15.76,14655.1,5.69511e-5
15.77,14575.8,5.57368e-5
15.78,14494.8,5.44264e-5
15.79,14412.2,5.30568e-5
15.8,14328.3,5.16643e-5
15.81,14243.3,5.02834e-5
15.82,14157.4,4.89448e-5
15.83,14071.1,4.76753e-5
15.84,13984.7,4.64964e-5
15.85,13898.4,4.54243e-5
15.86,13812.6,4.44695e-5
15.87,13727.4,4.36376e-5
15.88,13643.2,4.29288e-5
15.89,13559.9,4.23394e-5
15.9,13477.7,4.18618e-5
15.91,13396.7,4.14858e-5
15.92,13316.8,4.11988e-5
15.93,13237.9,4.09871e-5
15.94,13159.9,4.08367e-5
15.95,13082.8,4.07333e-5
15.96,13006.4,4.06634e-5
15.97,12930.5,4.06146e-5
15.98,12855.1,4.0576e-5
15.99,12780,4.0538e-5
16,12705.2,4.0493e-5
16.01,12630.4,4.04349e-5
16.02,12555.7,4.03593e-5
16.03,12481,4.02632e-5
16.04,12406.3,4.0145e-5
16.05,12331.5,4.00042e-5
16.06,12256.8,3.9841e-5
16.07,12182,3.96566e-5
16.08,12107.3,3.94524e-5
16.09,12032.7,3.92301e-5
16.1,11958.2,3.89918e-5
16.11,11884,3.87393e-5
16.12,11810.5,3.84816e-5
16.13,11759,3.86066e-5
16.14,11817.7,4.13271e-5
16.15,12100.3,5.0697e-5
16.16,12654.3,7.00015e-5
16.17,13432.9,9.9424e-5
16.18,14333.9,0.000135907
16.19,15251.2,0.000174644
16.2,16104,0.000210791
16.21,16843.7,0.000240564
16.22,17449.3,0.000261652
16.23,17923.3,0.000273261
16.24,18282.5,0.000275875
16.25,18546.2,0.000270802
16.26,18728.9,0.000259685
16.27,18838.2,0.000244151
16.28,18877.1,0.000225631
16.29,18847.1,0.000205321
16.3,18752.1,0.000184206
16.31,18599.4,0.000163108
16.32,18400,0.000142718
16.33,18168.1,0.000123609
16.34,17919.1,0.00010624
16.35,17668.2,9.09489e-5
16.36,17429,7.79501e-5
16.37,17212.4,6.7335e-5
16.38,17025.8,5.9077e-5
16.39,16873.4,5.30425e-5
16.4,16756,4.90087e-5
16.41,16671.9,4.66864e-5
16.42,16617.3,4.57465e-5
16.43,16587,4.58466e-5
16.44,16575.1,4.66564e-5
16.45,16575.8,4.78783e-5
16.46,16583.2,4.92621e-5
16.47,16592.3,5.06136e-5
16.48,16598.6,5.17969e-5
16.49,16598.6,5.27322e-5
16.5,16589.6,5.33885e-5
16.51,16569.9,5.37752e-5
16.52,16538.4,5.39317e-5
16.53,16495,5.39172e-5
16.54,16440.1,5.38007e-5
16.55,16374.7,5.36528e-5
16.56,16300.2,5.35388e-5
16.57,16218.3,5.35129e-5
16.58,16130.8,5.36155e-5
16.59,16039.6,5.38702e-5
16.6,15946.3,5.42842e-5
16.61,15852.7,5.48484e-5
16.62,15759.8,5.55396e-5
16.63,15668.8,5.6323e-5
16.64,15580.3,5.71553e-5
16.65,15494.7,5.79882e-5
16.66,15412.1,5.87718e-5
16.67,15332.2,5.9458e-5
16.68,15254.7,6.00035e-5
16.69,15179.1,6.03718e-5
16.7,15104.9,6.05357e-5
16.71,15031.3,6.04775e-5
16.72,14957.8,6.01904e-5
16.73,14883.9,5.96775e-5
16.74,14809,5.89515e-5
16.75,14732.8,5.80334e-5
16.76,14655.1,5.69509e-5
16.77,14575.7,5.57365e-5
16.78,14494.7,5.44261e-5
16.79,14412.1,5.30564e-5
16.8,14328.2,5.1664e-5
16.81,14243.2,5.0283e-5
16.82,14157.4,4.89444e-5
16.83,14071.1,4.76749e-5
16.84,13984.6,4.6496e-5
16.85,13898.3,4.54239e-5
16.86,13812.5,4.44691e-5
16.87,13727.3,4.36372e-5
16.88,13643.1,4.29284e-5
16.89,13559.8,4.2339e-5
16.9,13477.7,4.18615e-5
16.91,13396.6,4.14854e-5
16.92,13316.7,4.11984e-5
16.93,13237.8,4.09869e-5
16.94,13159.8,4.08364e-5
16.95,13082.7,4.0733e-5
16.96,13006.3,4.06631e-5
16.97,12930.5,4.06144e-5
16.98,12855.1,4.05758e-5
16.99,12780,4.05378e-5
17,12705.1,4.04928e-5
17.01,12630.3,4.04347e-5
17.02,12555.6,4.03591e-5
17.03,12480.9,4.0263e-5
17.04,12406.2,4.01448e-5
17.05,12331.5,4.0004e-5
17.06,12256.7,3.98409e-5
17.07,12182,3.96564e-5
17.08,12107.3,3.94522e-5
17.09,12032.7,3.92299e-5
17.1,11958.2,3.89916e-5
17.11,11883.9,3.87391e-5
17.12,11810.4,3.84814e-5
17.13,11759,3.86072e-5
17.14,11817.7,4.13296e-5
17.15,12100.4,5.07022e-5
17.16,12654.4,7.00089e-5
17.17,13433,9.94326e-5
17.18,14334.1,0.000135916
17.19,15251.3,0.000174652
17.2,16104.2,0.000210798
17.21,16843.8,0.000240569
17.22,17449.4,0.000261657
17.23,17923.5,0.000273265
17.24,18282.7,0.000275879
17.25,18546.4,0.000270805
17.26,18729.1,0.000259687
17.27,18838.4,0.000244153
17.28,18877.2,0.000225633
17.29,18847.3,0.000205322
17.3,18752.2,0.000184206
17.31,18599.5,0.000163108
17.32,18400.1,0.000142717
17.33,18168.2,0.000123609
17.34,17919.2,0.00010624
17.35,17668.3,9.09483e-5
17.36,17429.1,7.79495e-5
17.37,17212.5,6.73345e-5
17.38,17025.9,5.90766e-5
17.39,16873.5,5.30422e-5
17.4,16756.1,4.90085e-5
17.41,16672,4.66863e-5
17.42,16617.4,4.57465e-5
17.43,16587.1,4.58466e-5
17.44,16575.2,4.66565e-5
17.45,16575.9,4.78784e-5
17.46,16583.3,4.92622e-5
17.47,16592.4,5.06137e-5
17.48,16598.7,5.17971e-5
17.49,16598.7,5.27323e-5
17.5,16589.7,5.33886e-5
17.51,16570,5.37753e-5
17.52,16538.5,5.39318e-5
17.53,16495.1,5.39173e-5
17.54,16440.2,5.38008e-5
17.55,16374.8,5.3653e-5
17.56,16300.3,5.3539e-5
17.57,16218.4,5.35132e-5
17.58,16130.9,5.36158e-5
17.59,16039.7,5.38706e-5
17.6,15946.4,5.42846e-5
17.61,15852.8,5.48489e-5
17.62,15759.9,5.55401e-5
17.63,15668.9,5.63236e-5
17.64,15580.4,5.71559e-5
17.65,15494.8,5.79888e-5
17.66,15412.2,5.87724e-5
17.67,15332.3,5.94586e-5
17.68,15254.8,6.00041e-5
17.69,15179.2,6.03724e-5
17.7,15105,6.05362e-5
17.71,15031.4,6.0478e-5
17.72,14957.9,6.01909e-5
17.73,14884,5.96779e-5
17.74,14809.1,5.89519e-5
17.75,14732.9,5.80337e-5
17.76,14655.1,5.69511e-5
17.77,14575.8,5.57368e-5
17.78,14494.8,5.44263e-5
17.79,14412.2,5.30566e-5
17.8,14328.3,5.16642e-5
17.81,14243.3,5.02832e-5
17.82,14157.4,4.89446e-5
17.83,14071.1,4.76751e-5
17.84,13984.7,4.64962e-5
17.85,13898.4,4.5424e-5
17.86,13812.6,4.44693e-5
17.87,13727.4,4.36374e-5
17.88,13643.2,4.29286e-5
17.89,13559.9,4.23392e-5
17.9,13477.7,4.18617e-5
17.91,13396.7,4.14856e-5
17.92,13316.8,4.11987e-5
17.93,13237.9,4.09871e-5
17.94,13159.9,4.08367e-5
17.95,13082.8,4.07333e-5
17.96,13006.4,4.06634e-5
17.97,12930.5,4.06147e-5
17.98,12855.1,4.0576e-5
17.99,12780,4.05381e-5
18,12705.2,4.04931e-5
18.01,12630.4,4.0435e-5
18.02,12555.7,4.03593e-5
18.03,12481,4.02633e-5
18.04,12406.3,4.01451e-5
18.05,12331.5,4.00042e-5
18.06,12256.8,3.98411e-5
18.07,12182,3.96567e-5
18.08,12107.3,3.94524e-5
18.09,12032.7,3.92302e-5
18.1,11958.3,3.89918e-5
18.11,11884,3.87393e-5
18.12,11810.5,3.84817e-5
18.13,11759,3.86074e-5
18.14,11817.8,4.13289e-5
18.15,12100.3,5.06992e-5
18.16,12654.3,7.00024e-5
18.17,13432.8,9.94224e-5
18.18,14333.8,0.000135903
18.19,15251,0.000174637
18.2,16103.8,0.000210782
18.21,16843.4,0.000240554
18.22,17449,0.000261642
18.23,17923.1,0.000273251
18.24,18282.3,0.000275867
18.25,18546,0.000270795
18.26,18728.7,0.000259679
18.27,18838,0.000244146
18.28,18876.8,0.000225627
18.29,18846.9,0.000205318
18.3,18751.9,0.000184204
18.31,18599.2,0.000163107
18.32,18399.8,0.000142717
18.33,18168,0.000123609
18.34,17919,0.000106241
18.35,17668.1,9.095e-5
18.36,17428.9,7.79513e-5
18.37,17212.2,6.73364e-5
18.38,17025.7,5.90784e-5
18.39,16873.2,5.30438e-5
18.4,16755.9,4.90099e-5
18.41,16671.8,4.66874e-5
18.42,16617.2,4.57473e-5
18.43,16586.8,4.58471e-5
18.44,16575,4.66568e-5
18.45,16575.6,4.78785e-5
18.46,16583,4.92621e-5
18.47,16592.1,5.06134e-5
18.48,16598.4,5.17967e-5
18.49,16598.4,5.27319e-5
18.5,16589.5,5.33881e-5
18.51,16569.8,5.37748e-5
18.52,16538.3,5.39313e-5
18.53,16494.9,5.39168e-5
18.54,16440,5.38003e-5
18.55,16374.6,5.36525e-5
18.56,16300.1,5.35384e-5
18.57,16218.2,5.35126e-5
18.58,16130.7,5.36151e-5
18.59,16039.4,5.38699e-5
18.6,15946.2,5.42838e-5
18.61,15852.5,5.4848e-5
18.62,15759.7,5.55391e-5
18.63,15668.7,5.63225e-5
18.64,15580.2,5.71547e-5
18.65,15494.6,5.79876e-5
18.66,15411.9,5.87711e-5
18.67,15332.1,5.94573e-5
18.68,15254.6,6.00028e-5
18.69,15179,6.03711e-5
18.7,15104.8,6.05349e-5
18.71,15031.2,6.04768e-5
18.72,14957.7,6.01897e-5
18.73,14883.7,5.96768e-5
18.74,14808.8,5.89508e-5
18.75,14732.6,5.80328e-5
18.76,14654.9,5.69503e-5
18.77,14575.6,5.5736e-5
18.78,14494.6,5.44256e-5
18.79,14412,5.3056e-5
18.8,14328.1,5.16636e-5
18.81,14243.1,5.02826e-5
18.82,14157.2,4.89441e-5
18.83,14070.9,4.76747e-5
18.84,13984.5,4.64958e-5
18.85,13898.2,4.54236e-5
18.86,13812.4,4.44689e-5
18.87,13727.2,4.3637e-5
18.88,13643,4.29282e-5
18.89,13559.7,4.23388e-5
18.9,13477.5,4.18613e-5
18.91,13396.5,4.14852e-5
18.92,13316.6,4.11982e-5
18.93,13237.7,4.09866e-5
18.94,13159.7,4.08362e-5
18.95,13082.6,4.07327e-5
18.96,13006.2,4.06629e-5
18.97,12930.4,4.06141e-5
18.98,12855,4.05755e-5
18.99,12779.9,4.05375e-5
19,12705,4.04925e-5
19.01,12630.2,4.04344e-5
19.02,12555.5,4.03587e-5
19.03,12480.8,4.02627e-5
19.04,12406.1,4.01445e-5
19.05,12331.4,4.00036e-5
19.06,12256.6,3.98405e-5
19.07,12181.9,3.96561e-5
19.08,12107.2,3.94518e-5
19.09,12032.6,3.92296e-5
19.1,11958.1,3.89912e-5
19.11,11883.8,3.87387e-5
19.12,11810.3,3.84813e-5
19.13,11759,3.86088e-5
19.14,11817.9,4.13363e-5
19.15,12100.8,5.07165e-5
19.16,12655,7.00314e-5
19.17,13433.7,9.94616e-5
19.18,14334.8,0.000135949
19.19,15252.2,0.000174686
19.2,16105,0.000210831
19.21,16844.7,0.0002406
19.22,17450.3,0.000261685
19.23,17924.3,0.000273289
19.24,18283.5,0.0002759
19.25,18547.2,0.000270823
19.26,18729.9,0.000259702
19.27,18839.2,0.000244164
19.28,18878,0.000225641
19.29,18848,0.000205327
19.3,18752.9,0.000184209
19.31,18600.1,0.000163109
19.32,18400.7,0.000142717
19.33,18168.8,0.000123607
19.34,17919.8,0.000106237
19.35,17668.9,9.09449e-5
19.36,17429.7,7.7946e-5
19.37,17213,6.73312e-5
19.38,17026.4,5.90736e-5
19.39,16874,5.30397e-5
19.4,16756.6,4.90065e-5
19.41,16672.6,4.66849e-5
19.42,16617.9,4.57456e-5
19.43,16587.6,4.58462e-5
19.44,16575.8,4.66565e-5
19.45,16576.4,4.78788e-5
19.46,16583.9,4.92628e-5
19.47,16593,5.06145e-5
19.48,16599.3,5.1798e-5
19.49,16599.3,5.27333e-5
19.5,16590.3,5.33897e-5
19.51,16570.6,5.37764e-5
19.52,16539.1,5.3933e-5
19.53,16495.7,5.39185e-5
19.54,16440.8,5.38021e-5
19.55,16375.4,5.36544e-5
19.56,16300.9,5.35405e-5
19.57,16219,5.35148e-5
19.58,16131.5,5.36176e-5
19.59,16040.2,5.38726e-5
19.6,15947,5.42867e-5
19.61,15853.3,5.48512e-5
19.62,15760.4,5.55426e-5
19.63,15669.4,5.63262e-5
19.64,15581,5.71586e-5
19.65,15495.3,5.79916e-5
19.66,15412.7,5.87752e-5
19.67,15332.8,5.94615e-5
19.68,15255.3,6.00069e-5
19.69,15179.7,6.03752e-5
19.7,15105.5,6.05389e-5
19.71,15031.9,6.04806e-5
19.72,14958.4,6.01933e-5
19.73,14884.4,5.96802e-5
19.74,14809.5,5.8954e-5
19.75,14733.4,5.80357e-5
19.76,14655.6,5.6953e-5
19.77,14576.3,5.57385e-5
19.78,14495.2,5.44278e-5
19.79,14412.7,5.3058e-5
19.8,14328.8,5.16654e-5
19.81,14243.7,5.02843e-5
19.82,14157.9,4.89457e-5
19.83,14071.6,4.76761e-5
19.84,13985.1,4.64972e-5
19.85,13898.9,4.5425e-5
19.86,13813,4.44703e-5
19.87,13727.9,4.36383e-5
19.88,13643.6,4.29296e-5
19.89,13560.3,4.23402e-5
19.9,13478.2,4.18627e-5
19.91,13397.1,4.14867e-5
19.92,13317.2,4.11998e-5
19.93,13238.3,4.09882e-5
19.94,13160.3,4.08378e-5
19.95,13083.2,4.07345e-5
19.96,13006.8,4.06646e-5
19.97,12931,4.06159e-5
19.98,12855.6,4.05773e-5
19.99,12780.5,4.05394e-5
20,12705.6,4.04944e-5
